:020000040800F2
:1000000000000320353C0008193200081B320008AC
:100010001D3200081F3200082132000800000000D5
:100020000000000000000000000000002332000873
:10003000253200080000000027320008293200089D
:10004000853C0008853C0008853C0008853C00088C
:10005000853C0008853C0008853C0008853C00087C
:10006000853C0008853C0008853C0008853C00086C
:10007000853C0008853C0008853C0008853C00085C
:10008000853C0008853C0008853C000831320008AA
:1000900041320008853C0008853C0008853C00088A
:1000A000853C0008853C0008853C0008853C00082C
:1000B000853C0008853C0008853C0008853C00081C
:1000C000853C0008853C0008853C0008853C00080C
:1000D000853C0008853C0008513200087932000850
:1000E000853C0008853C0008853C0008853C0008EC
:1000F000853C0008853C0008853C0008853C0008DC
:10010000853C0008853C0008853C0008853C0008CB
:10011000853C0008853C0008853C0008853C0008BB
:10012000853C0008853C0008853C0008853C0008AB
:10013000853C0008853C0008853C0008853C00089B
:10014000853C0008853C0008853C00089932000881
:10015000853C0008853C0008853C0008A932000861
:10016000853C0008853C0008853C0008853C00086B
:10017000853C0008853C0008853C00080000000024
:10018000853C0008853C0008C9320008E9320008B7
:10019000853C0008853C0008853C0008853C00083B
:0C01A0000000000000000000853C00088A
:1001C00010B5054C237833B9044B13B10448AFF391
:1001D00000800123237010BDFC0A002000000000F5
:1001E0006C2C010808B5034B1BB103490348AFF35E
:1001F000008008BD00000000000B00206C2C0108EE
:1002000081F0004102E000BF83F0004330B54FEAC7
:1002100041044FEA430594EA050F08BF90EA020F34
:100220001FBF54EA000C55EA020C7FEA645C7FEAC7
:10023000655C00F0E2804FEA5454D4EB5555B8BFEA
:100240006D420CDD2C4480EA020281EA030382EA5B
:10025000000083EA010180EA020281EA0303362DED
:1002600088BF30BD11F0004F4FEA01314FF4801CC0
:100270004CEA113102D0404261EB410113F0004FD2
:100280004FEA03334CEA133302D0524263EB430389
:1002900094EA050F00F0A780A4F10104D5F1200E27
:1002A0000DDB02FA0EFC22FA05F2801841F1000182
:1002B00003FA0EF2801843FA05F359410EE0A5F156
:1002C00020050EF1200E012A03FA0EFC28BF4CF087
:1002D000020C43FA05F3C01851EBE37101F000453D
:1002E00007D54FF0000EDCF1000C7EEB00006EEB4A
:1002F0000101B1F5801F1BD3B1F5001F0CD34908D4
:100300005FEA30004FEA3C0C04F101044FEA44522A
:1003100012F5800F80F09A80BCF1004F08BF5FEAB1
:10032000500C50F1000041EB045141EA050130BD91
:100330005FEA4C0C404141EB0101013C28BFB1F5A3
:10034000801FE9D291F0000F04BF01460020B1FAEE
:1003500081F308BF2033A3F10B03B3F120020CDAC1
:100360000C3208DD02F1140CC2F10C0201FA0CF09F
:1003700021FA02F10CE002F11402D8BFC2F1200C04
:1003800001FA02F120FA0CFCDCBF41EA0C019040BA
:10039000E41AA2BF01EB0451294330BD6FEA040403
:1003A0001F3C1CDA0C340EDC04F11404C4F12002EE
:1003B00020FA04F001FA02F340EA030021FA04F300
:1003C00045EA030130BDC4F10C04C4F1200220FA57
:1003D00002F001FA04F340EA0300294630BD21FA95
:1003E00004F0294630BD94F0000F83F4801306BF5B
:1003F00081F480110134013D4EE77FEA645C18BF4F
:100400007FEA655C29D094EA050F08BF90EA020FE5
:1004100005D054EA000C04BF1946104630BD91EADD
:10042000030F1EBF0021002030BD5FEA545C05D1E0
:100430004000494128BF41F0004130BD14F580041F
:100440003CBF01F5801130BD01F0004545F0FE4193
:1004500041F470014FF0000030BD7FEA645C1ABFC8
:10046000194610467FEA655C1CBF0B46024650EAFF
:10047000013406BF52EA033591EA030F41F400212B
:1004800030BD00BF90F0000F04BF0021704730B5B1
:100490004FF4806404F132044FF000054FF0000186
:1004A00050E700BF90F0000F04BF0021704730B547
:1004B0004FF4806404F1320410F0004548BF40421C
:1004C0004FF000013EE700BF42004FEAE2014FEA71
:1004D00031014FEA02701FBF12F07F4393F07F4F4C
:1004E00081F06051704732F07F4208BF704793F04F
:1004F0007F4F04BF41F40021704730B54FF4607462
:1005000001F0004521F000411CE700BF50EA010264
:1005100008BF704730B54FF000050AE050EA01020D
:1005200008BF704730B511F0004502D5404261EB7D
:1005300041014FF4806404F132045FEA915C3FF4BE
:10054000D8AE4FF003025FEADC0C18BF03325FEA5B
:10055000DC0C18BF033202EBDC02C2F1200300FA0C
:1005600003FC20FA02F001FA03FE40EA0E0021FA31
:1005700002F11444BDE600BF70B54FF0FF0C4CF41F
:10058000E06C1CEA11541DBF1CEA135594EA0C0FD1
:1005900095EA0C0F00F0DEF82C4481EA030621EA0C
:1005A0004C5123EA4C5350EA013518BF52EA033547
:1005B00041F4801143F4801338D0A0FB02CE4FF0F9
:1005C0000005E1FB02E506F00042E0FB03E54FF029
:1005D0000006E1FB03569CF0000F18BF4EF0010E21
:1005E000A4F1FF04B6F5007F64F5407404D25FEA1D
:1005F0004E0E6D4146EB060642EAC62141EA5551D0
:100600004FEAC52040EA5E504FEACE2EB4F1FD0C11
:1006100088BFBCF5E06F1ED8BEF1004F08BF5FEA8F
:10062000500E50F1000041EB045170BD06F0004641
:1006300046EA010140EA020081EA0301B4EB5C04EE
:10064000C2BFD4EB0C0541EA045170BD41F48011E6
:100650004FF0000E013C00F3AB8014F1360FDEBF0B
:10066000002001F0004170BDC4F10004203C35DAE7
:100670000C341BDC04F11404C4F1200500FA05F36A
:1006800020FA04F001FA05F240EA020001F000420B
:1006900021F0004110EBD37021FA04F642EB060181
:1006A0005EEA430E08BF20EAD37070BDC4F10C04AB
:1006B000C4F1200500FA04F320FA05F001FA04F26F
:1006C00040EA020001F0004110EBD37041F100015B
:1006D0005EEA430E08BF20EAD37070BDC4F1200566
:1006E00000FA05F24EEA020E20FA04F301FA05F2CE
:1006F00043EA020321FA04F001F0004121FA04F276
:1007000020EA020000EBD3705EEA430E08BF20EA45
:10071000D37070BD94F0000F0FD101F0004640007F
:1007200041EB010111F4801F08BF013CF7D041EA01
:10073000060195F0000F18BF704703F00046520005
:1007400043EB030313F4801F08BF013DF7D043EAD6
:100750000603704794EA0C0F0CEA135518BF95EA8C
:100760000C0F0CD050EA410618BF52EA4306D1D113
:1007700081EA030101F000414FF0000070BD50EA32
:10078000410606BF1046194652EA430619D094EABC
:100790000C0F02D150EA013613D195EA0C0F05D1A6
:1007A00052EA03361CBF104619460AD181EA0301FA
:1007B00001F0004141F0FE4141F470014FF00000B2
:1007C00070BD41F0FE4141F4780170BD70B54FF04D
:1007D000FF0C4CF4E06C1CEA11541DBF1CEA1355CD
:1007E00094EA0C0F95EA0C0F00F0A7F8A4EB0504AF
:1007F00081EA030E52EA03354FEA013100F08880A6
:100800004FEA03334FF0805545EA131343EA12636E
:100810004FEA022245EA111545EA10654FEA002623
:100820000EF000419D4208BF964244F1FD0404F5DC
:10083000407402D25B084FEA3202B61A65EB030538
:100840005B084FEA32024FF480104FF4002CB6EBF5
:10085000020E75EB030E22BFB61A754640EA0C0075
:100860005B084FEA3202B6EB020E75EB030E22BFB5
:10087000B61A754640EA5C005B084FEA3202B6EBF6
:10088000020E75EB030E22BFB61A754640EA9C00B5
:100890005B084FEA3202B6EB020E75EB030E22BF85
:1008A000B61A754640EADC0055EA060E18D04FEA43
:1008B000051545EA16754FEA06164FEAC30343EAE3
:1008C00052734FEAC2025FEA1C1CC0D111F4801FB0
:1008D0000BD141EA00014FF000004FF0004CB6E7A9
:1008E00011F4801F04BF01430020B4F1FD0C88BF48
:1008F000BCF5E06F3FF6AFAEB5EB030C04BFB6EB53
:10090000020C5FEA500C50F1000041EB045170BD45
:100910000EF0004E4EEA113114EB5C04C2BFD4EB72
:100920000C0541EA045170BD41F480114FF0000EF6
:10093000013C90E645EA060E8DE60CEA135594EA72
:100940000C0F08BF95EA0C0F3FF43BAF94EA0C0F75
:100950000AD150EA01347FF434AF95EA0C0F7FF4EA
:1009600025AF104619462CE795EA0C0F06D152EA3E
:1009700003353FF4FDAE1046194622E750EA410622
:1009800018BF52EA43067FF4C5AE50EA41047FF433
:100990000DAF52EA43057FF4EBAE12E74FF0FF3C98
:1009A00006E000BF4FF0010C02E000BF4FF0010C69
:1009B0004DF804CD4FEA410C7FEA6C5C4FEA430CE2
:1009C00018BF7FEA6C5C1BD001B050EA410C0CBF31
:1009D00052EA430C91EA030F02BF90EA020F002093
:1009E000704710F1000F91EA030F58BF994208BFFA
:1009F00090422CBFD8176FEAE37040F001007047B7
:100A00004FEA410C7FEA6C5C02D150EA013C07D10D
:100A10004FEA430C7FEA6C5CD6D152EA033CD3D058
:100A20005DF8040B704700BF8446104662468C4652
:100A30001946634600E000BF01B5FFF7B7FF002885
:100A400048BF10F1000F01BD4DF808EDFFF7F4FFAE
:100A50000CBF012000205DF808FB00BF4DF808ED39
:100A6000FFF7EAFF34BF012000205DF808FB00BF5C
:100A70004DF808EDFFF7E0FF94BF012000205DF87E
:100A800008FB00BF4DF808EDFFF7CEFF94BF012033
:100A900000205DF808FB00BF4DF808EDFFF7C4FF2C
:100AA00034BF012000205DF808FB00BF4FEA41027F
:100AB000B2F1E04324BFB3F5001CDCF1FE5C0DD9BC
:100AC00001F0004C4FEAC0024CEA5070B2F1004F06
:100AD00040EB830008BF20F00100704711F0804F09
:100AE00021D113F13872BCBF01F00040704741F4CE
:100AF00080114FEA5252C2F11802C2F1200C10FAD2
:100B00000CF320FA02F018BF40F001004FEAC123B5
:100B10004FEAD32303FA0CFC40EA0C0023FA02F359
:100B20004FEA4303CCE77FEA625307D150EA01332F
:100B30001EBF4FF0FE4040F44000704701F00040FF
:100B400040F0FE4040F40000704700BF80F00040DD
:100B500002E000BF81F0004142001FBF5FEA410395
:100B600092EA030F7FEA226C7FEA236C6AD04FEA95
:100B70001262D2EB1363C1BFD218414048404140DA
:100B8000B8BF5B42192B88BF704710F0004F40F48C
:100B9000000020F07F4018BF404211F0004F41F4A8
:100BA000000121F07F4118BF494292EA030F3FD074
:100BB000A2F1010241FA03FC10EB0C00C3F1200387
:100BC00001FA03F100F0004302D5494260EB400016
:100BD000B0F5000F13D3B0F1807F06D340084FEA81
:100BE000310102F10102FE2A51D2B1F1004F40EB76
:100BF000C25008BF20F0010040EA030070474900DE
:100C000040EB0000013A28BFB0F5000FEDD2B0FA7A
:100C100080FCACF1080CB2EB0C0200FA0CF0AABF9D
:100C200000EBC25052421843BCBFD040184370473B
:100C300092F0000F81F4000106BF80F40000013241
:100C4000013BB5E74FEA41037FEA226C18BF7FEA18
:100C5000236C21D092EA030F04D092F0000F08BF5A
:100C60000846704790EA010F1CBF0020704712F041
:100C70007F4F04D1400028BF40F00040704712F180
:100C800000723CBF00F50000704700F0004343F0E5
:100C9000FE4040F4000070477FEA226216BF08461B
:100CA0007FEA23630146420206BF5FEA412390EADE
:100CB000010F40F4800070474FF0000304E000BFD4
:100CC00010F0004348BF40425FEA000C08BF704785
:100CD00043F0964301464FF000001CE050EA010249
:100CE00008BF70474FF000030AE000BF50EA01025E
:100CF00008BF704711F0004302D5404261EB41014B
:100D00005FEA010C02BF84460146002043F0B6436F
:100D100008BFA3F18053A3F50003BCFA8CF2083A94
:100D2000A3EBC25310DB01FA02FC634400FA02FC9D
:100D3000C2F12002BCF1004F20FA02F243EB0200A4
:100D400008BF20F00100704702F1200201FA02FC06
:100D5000C2F1200250EA4C0021FA02F243EB0200F9
:100D600008BF20EADC7070474FF0FF0C1CEAD0523D
:100D70001EBF1CEAD15392EA0C0F93EA0C0F6FD0FE
:100D80001A4480EA010C400218BF5FEA41211ED0DC
:100D90004FF0006343EA501043EA5111A0FB0131C8
:100DA0000CF00040B1F5000F3EBF490041EAD3719D
:100DB0005B0040EA010062F17F02FD2A1DD8B3F119
:100DC000004F40EBC25008BF20F00100704790F088
:100DD000000F0CF0004C08BF49024CEA502040EADA
:100DE00051207F3AC2BFD2F1FF0340EAC2507047A0
:100DF00040F400004FF00003013A5DDC12F1190FDE
:100E0000DCBF00F000407047C2F10002410021FA4F
:100E100002F1C2F1200200FA02FC5FEA310040F167
:100E2000000053EA4C0308BF20EADC70704792F0E0
:100E3000000F00F0004C02BF400010F4000F013A18
:100E4000F9D040EA0C0093F0000F01F0004C02BF13
:100E5000490011F4000F013BF9D041EA0C018FE782
:100E60000CEAD15392EA0C0F18BF93EA0C0F0AD088
:100E700030F0004C18BF31F0004CD8D180EA0100AE
:100E800000F00040704790F0000F17BF90F0004F47
:100E9000084691F0000F91F0004F14D092EA0C0F29
:100EA00001D142020FD193EA0C0F03D14B0218BFBC
:100EB000084608D180EA010000F0004040F0FE4002
:100EC00040F40000704740F0FE4040F4400070479E
:100ED0004FF0FF0C1CEAD0521EBF1CEAD15392EA1D
:100EE0000C0F93EA0C0F69D0A2EB030280EA010C0D
:100EF00049024FEA402037D04FF0805343EA1111A6
:100F000043EA10130CF000408B4238BF5B0042F103
:100F10007D024FF4000C8B4224BF5B1A40EA0C00A8
:100F2000B3EB510F24BFA3EB510340EA5C00B3EBDA
:100F3000910F24BFA3EB910340EA9C00B3EBD10FC8
:100F400024BFA3EBD10340EADC001B0118BF5FEA1A
:100F50001C1CE0D1FD2A3FF650AF8B4240EBC25043
:100F600008BF20F0010070470CF0004C4CEA502004
:100F70007F32C2BFD2F1FF0340EAC250704740F453
:100F800000004FF00003013A37E792F0000F00F045
:100F9000004C02BF400010F4000F013AF9D040EAC3
:100FA0000C0093F0000F01F0004C02BF490011F457
:100FB000000F013BF9D041EA0C0195E70CEAD1534F
:100FC00092EA0C0F08D142027FF47DAF93EA0C0F36
:100FD0007FF470AF084676E793EA0C0F04D14B021A
:100FE0003FF44CAF08466EE730F0004C18BF31F0CC
:100FF000004CCAD130F000427FF45CAF31F00043C6
:101000007FF43CAF5FE700BF4FF0FF3C06E000BF5E
:101010004FF0010C02E000BF4FF0010C4DF804CD81
:101020004FEA40024FEA41037FEA226C18BF7FEA91
:10103000236C11D001B052EA530C18BF90EA010F93
:1010400058BFB2EB030088BFC81738BF6FEAE17022
:1010500018BF40F0010070477FEA226C02D15FEABE
:10106000402C05D17FEA236CE4D15FEA412CE1D02A
:101070005DF8040B704700BF844608466146FFE7F1
:101080000FB5FFF7C9FF002848BF10F1000F0FBDD3
:101090004DF808EDFFF7F4FF0CBF012000205DF8CC
:1010A00008FB00BF4DF808EDFFF7EAFF34BF012051
:1010B00000205DF808FB00BF4DF808EDFFF7E0FFEA
:1010C00094BF012000205DF808FB00BF4DF808ED3B
:1010D000FFF7D2FF94BF012000205DF808FB00BF9E
:1010E0004DF808EDFFF7C8FF34BF012000205DF880
:1010F00008FB00BF53B94AB9002908BF00281CBF2C
:101100004FF0FF314FF0FF3000F074B9ADF1080C33
:101110006DE904CE00F006F8DDF804E0DDE9022315
:1011200004B070472DE9F047089E0D4604468846F6
:10113000002B4DD18A42944668D9B2FA82F252B15C
:1011400001FA02F3C2F1200120FA01F10CFA02FCCB
:1011500041EA030894404FEA1C45210CB8FBF5FE18
:101160001FFA8CF705FB1E8341EA03430EFB07F1D0
:1011700099420BD91CEB03030EF1FF3080F01E8166
:10118000994240F21B81AEF1020E63445B1AA4B295
:10119000B3FBF5F005FB103344EA034400FB07F70B
:1011A000A7420AD91CEB040400F1FF3380F0088148
:1011B000A74240F2058164440238E41B40EA0E4035
:1011C00000211EB1D4400023C6E90043BDE8F087EA
:1011D0008B4208D9002E00F0EE800021C6E9000500
:1011E0000846BDE8F087B3FA83F100294AD1AB4243
:1011F00002D3824200F2F980841A65EB03030120D6
:101200009846002EE2D0C6E90048DFE702B9FFDECB
:10121000B2FA82F2002A40F09180A1EB0C054FEA6D
:101220001C471FFA8CFE0121B5FBF7F307FB135097
:10123000250C45EA00450EFB03F0A84208D91CEB3B
:10124000050503F1FF3802D2A84200F2CB804346E5
:101250002D1AA4B2B5FBF7F007FB105544EA05447C
:101260000EFB00FEA64508D91CEB040400F1FF3577
:1012700002D2A64500F2BB802846A4EB0E0440EA49
:1012800003409EE7C1F120078B4022FA07FC4CEA9D
:10129000030C20FA07F405FA01F31C43FD404FEA62
:1012A0001C4900FA01F3B5FBF9F8200C1FFA8CFE7B
:1012B00009FB185540EA054508FB0EF0A84202FA62
:1012C00001F20BD91CEB050508F1FF3A80F088808C
:1012D000A84240F28580A8F1020865442D1AA4B204
:1012E000B5FBF9F009FB105544EA054500FB0EFE7D
:1012F000AE4508D91CEB050500F1FF346CD2AE45B4
:101300006AD90238654440EA0840A0FB0294A5EB84
:101310000E05A542C846A64656D353D05EB1B3EBE0
:10132000080265EB0E0505FA07F722FA01F3CD4036
:101330001F43C6E900750021BDE8F087C2F1200314
:1013400020FA03F10CFA02FC25FA03F395400D4351
:101350004FEA1C471FFA8CFEB3FBF7F107FB113075
:101360002B0C43EA004301FB0EF0984204FA02F40E
:1013700008D91CEB030301F1FF382FD298422DD975
:10138000023963441B1AADB2B3FBF7F007FB10330D
:1013900045EA034500FB0EF3AB4208D91CEB0505FB
:1013A00000F1FF3816D2AB4214D902386544ED1A69
:1013B00040EA014138E73146304607E78646E5E630
:1013C0001846FAE64B45A9D2B9EB020864EB0C0EBD
:1013D0000138A3E74046EAE7204694E74146D1E7D3
:1013E000D0467BE7023B654432E7084609E76444A0
:1013F000023842E7704700BF844641EA000313F019
:1014000003036DD1403A41D351F8043B40F8043B0B
:1014100051F8043B40F8043B51F8043B40F8043BCE
:1014200051F8043B40F8043B51F8043B40F8043BBE
:1014300051F8043B40F8043B51F8043B40F8043BAE
:1014400051F8043B40F8043B51F8043B40F8043B9E
:1014500051F8043B40F8043B51F8043B40F8043B8E
:1014600051F8043B40F8043B51F8043B40F8043B7E
:1014700051F8043B40F8043B51F8043B40F8043B6E
:1014800051F8043B40F8043B403ABDD2303211D30E
:1014900051F8043B40F8043B51F8043B40F8043B4E
:1014A00051F8043B40F8043B51F8043B40F8043B3E
:1014B000103AEDD20C3205D351F8043B40F8043B0E
:1014C000043AF9D2043208D0D2071CBF11F8013B0C
:1014D00000F8013B01D30B8803806046704700BFD2
:1014E000082A13D38B078DD010F003038AD0C3F1E1
:1014F0000403D21ADB071CBF11F8013B00F8013BC3
:1015000080D331F8023B20F8023B7BE7043AD9D381
:10151000013A11F8013B00F8013BF9D20B78037056
:101520004B7843708B7883706046704700000000F2
:1015300000000000000000000000000000000000AB
:10154000A2EB0300704700BF02780B78012A28BF86
:101550009A42F5D16DE9044540EA0104CDE90267FC
:101560006FF0000C4FEA447212B380EA010414F0E9
:10157000070F6AD100F0070420F0070004F003050C
:1015800021F007014FEAC505F0E8042314F0040F29
:10159000F1E804670CFA05F462EA040266EA04065C
:1015A0000AD063EA0403624667EA0407664603E07A
:1015B000F0E80423F1E8046782FA4CF582EA0604B5
:1015C000A4FA8CF46CBB83FA4CF583EA0705A5FA00
:1015D0008CF595B950E9022351E9026782FA4CF57E
:1015E00082EA0604A4FA8CF483FA4CF583EA070530
:1015F000A5FA8CF52543DBD09CB92DBAB5FA85F454
:1016000024F0070427FA04F1DDE9026723FA04F362
:1016100003F0FF0001F0FF01FDE80445A0EB01002D
:10162000704724BAB4FA84F424F0070426FA04F1CB
:10163000DDE9026722FA04F202F0FF0001F0FF0187
:10164000FDE80445A0EB0100704714F0030F3CD106
:1016500010F0030428D150F8082B51F8083B82FA07
:101660004CF582EA0305A5FA8CF55DB950F8042C17
:1016700051F8043C82FA4CF582EA0305A5FA8CF590
:10168000002DE8D02DBAB5FA85F424F0070423FA2A
:1016900004F122FA04F202F0FF0001F0FF01FDE87C
:1016A0000445A0EB010070474FEAC40420F003009A
:1016B00050F8082B21F0030151F8083B0CFA04F410
:1016C00062EA040263EA0403C9E710F003041AD0D3
:1016D000A1EB040120F00300E40750F8042B06D02E
:1016E0000FD28B785FFAA2F4E41A06D12BB1CB7833
:1016F0005FFAB2F4E41A00D11BB920465DF8104B32
:10170000704701F1040150F8042BCC0721F00301CC
:1017100051F8043B48D824D222F07F4482FA4CF599
:1017200094EA1325A5FA8CF50AD165B951F8043B62
:1017300084EA0204B4EB036F0ED150F8042BEBE7FC
:101740004FEA132355E035F07F454DD10878FDE889
:101750000445C0F1000070474FEA126203F0FF0336
:1017600047E002EA1C4482FA4CF594EA1345A5FAD4
:101770008CF50AD165B951F8043B84EA0204B4EB54
:10178000034F0CD150F8042BEBE74FEA134330E042
:1017900015EA1C4528D10B884FEA124229E04FEA8E
:1017A000124203EA1C4324E002F0FF0482FA4CF5E3
:1017B00094EA1365A5FA8CF50AD165B951F8043B92
:1017C00084EA0204B4EB032F09D150F8042BEBE7B1
:1017D0004FEA13630DE015F0FF0F05D10B684FEAD8
:1017E000122223F07F4304E04FF00000FDE804459F
:1017F000704712BA1BBA82FA4CF482EA0304A4FAC4
:101800008CF5B5FA85F402FA04F203FA04F34FEA10
:101810001260FDE80445A0EB136070470000000073
:1018200000000000000000000000000000000000B8
:1018300000000000000000000000000000000000A8
:1018400090F800F06DE9024520F007016FF0000C00
:1018500010F0070491F820F040F049804FF00004A8
:101860006FF00700D1E9002391F840F000F1080083
:1018700082FA4CF2A4FA8CF283FA4CF3A2FA8CF3BB
:101880004BBBD1E9022382FA4CF200F10800A4FA22
:101890008CF283FA4CF3A2FA8CF3E3B9D1E9042376
:1018A00082FA4CF200F10800A4FA8CF283FA4CF3AD
:1018B000A2FA8CF37BB9D1E9062301F1200182FA67
:1018C0004CF200F10800A4FA8CF283FA4CF3A2FA6D
:1018D0008CF3002BC6D0002A04BF04301A4612BA7B
:1018E000B2FA82F2FDE8024500EBD2007047D1E97E
:1018F000002304F00305C4F100004FEAC50514F00D
:10190000040F91F840F00CFA05F562EA05021CBFDD
:1019100063EA050362464FF00004A9E700000000F7
:1019200001F0FF01102A2BDB10F0070F08D010F890
:10193000013B013A8B422DD010F0070F42B3F6D194
:10194000F0B441EA012141EA014122F007047FF0AD
:1019500000070023F0E80256083C85EA010586EA04
:10196000010685FA47F5A3FA87F586FA47F6A5FA40
:1019700087F68EB9EED1F0BC01F0FF0102F007024C
:1019800032B110F8013B013A83EA010313B1F8D1F7
:101990000020704701387047002D06BF35460338D8
:1019A000073815F0010F07D1013015F4807F02BF11
:1019B000013015F4C03F0130F0BC0138704700BF62
:1019C0004FEA410C7FEA6C5C02D150EA013C0AD13B
:1019D0004FEA430C7FEA6C5C02D152EA033C02D12D
:1019E0004FF0000070474FF0010070474FEA41028E
:1019F00012F5001215D211D56FF47873B3EB625261
:101A000012D94FEAC12343F0004343EA505311F087
:101A1000004F23FA02F018BF404270474FF0000019
:101A2000704750EA013005D111F0004008BF6FF057
:101A3000004070474FF00000704700BF4A0011D2CD
:101A400012F5001211D20DD56FF47873B3EB625218
:101A50000ED44FEAC12343F0004343EA505323FA24
:101A600002F070474FF00000704750EA013002D199
:101A70004FF0FF3070474FF00000704738B5054613
:101A80000C462846214600220023FEF7E7FF28B92E
:101A900028462146BDE8384000F00AB8284604F13F
:101AA000004100F005F8404261EB410138BD00BF44
:101AB000D0B50C4B002206460F46FEF75DFDFFF742
:101AC000BDFF0446FEF7DEFC074B0022FEF754FD87
:101AD00002460B4630463946FEF796FBFFF7AEFF4F
:101AE0002146D0BD0000F03D0000F04100B5B0F946
:101AF00000C0A0F808C00A784B7843EA02230380AC
:101B00008A78120212B291F803E042EA0E02428091
:101B10000A79120212B291F805E042EA0E028280BE
:101B20008A798271A3EB0C0CBCF5805F08DDC2687A
:101B3000013AC260C26803EB423303615DF804FB03
:101B40001CF5805FF6DAC2680132C260F2E700007D
:101B5000104B01221A7002680F4B9A4200D0704756
:101B600000B58BB001AB03AA002102F0DAFA094BF1
:101B700000221A709DF80C000138C0B200EB800002
:101B800001A9064B03EB8000FFF7B0FF0BB05DF837
:101B900004FB00BF180B0020006400403C0B002039
:101BA00010B582B08E4694460F494FF400720A6019
:101BB00000228A60CA6008220A610C4A041214706A
:101BC00050704FEA2E20907082F803E04FEA2C20EC
:101BD000107182F805C018129071D37101AB0448DE
:101BE00002F02AFA02B010BD240B00201C0B0020CA
:101BF000D40B0020A8B1A2B10170116841605168F6
:101C000081609268C2600361009B4361002383632B
:101C1000436303630362C362836243624364036496
:101C2000C363704710B58AB01D481E4B0360032381
:101C3000436000238360C3604FF4C02202614FF40D
:101C4000A0024261037643768376C37603774377B7
:101C500002F080F8D8B90122089200230693079277
:101C600000930193029303930593049309930C4CFF
:101C70006946204602F014F9204602F0AFF948B94F
:101C80000221074802F002FB38B90AB010BD00F08B
:101C9000BDF8E0E700F0BAF8F2E700F0B7F8F4E7D3
:101CA000D40B00200064004010B588B000230393DB
:101CB000049305930693079302681C4B9A4201D044
:101CC00008B010BD0024019403F5EA331A6C42F009
:101CD00000721A641A6C02F000720192019A029466
:101CE0001A6B42F008021A631B6B03F0080302939D
:101CF000029B032303930222049206930923079372
:101D000003A90B4802F0D0FC22460121132002F067
:101D100013FC132002F048FC22460121142002F09B
:101D20000BFC142002F040FCCAE700BF0064004036
:101D3000000C024030B58DB000240794089409943B
:101D40000A940B940194284B1A6B42F010021A6308
:101D50001A6B02F010020192019A02941A6B42F07F
:101D600040021A631A6B02F040020292029A039434
:101D70001A6B42F001021A631A6B02F0010203921D
:101D8000039A04941A6B42F008021A631A6B02F069
:101D900008020492049A05941A6B42F080021A63B6
:101DA0001A6B02F080020592059A06941A6B42F0B3
:101DB00020021A631B6B03F020030693069B0B4D56
:101DC00022464FF4FF71284602F06CFD4FF4FF737A
:101DD000079301230893022309930A9407A928462D
:101DE00002F062FC0DB030BD003802400018024025
:101DF00008B501228188006802F054FD08BD08B5CD
:101E000000228188006802F04DFD08BD72B6FEE731
:101E100000B595B03022002108A806F0A5FC0023EB
:101E2000039304930593069307930193204A116C3F
:101E300041F080511164126C02F080520192019ABB
:101E400002931C4B1A6842F440421A601B6803F468
:101E500040430293029B012308934FF4803309937C
:101E600002230E934FF480020F9206221092A822B2
:101E7000119212930723139308A803F053FB98B908
:101E80000F23039302230493002305934FF4A053DD
:101E900006934FF480530793052103A803F090FDA8
:101EA00020B915B05DF804FBFFF7B0FFFFF7AEFFF8
:101EB00000380240007000402DE9F04F87B001F07B
:101EC00009FFFFF7A5FFFFF735FF01F07DFA01F0ED
:101ED00095FA01F0ADFA01F0C5FA01F0DDFA06F06D
:101EE000B7F901F023F9FFF79DFE01F0F7FB00F0D1
:101EF00037FB00F085FB2E4C2046FFF780FF04F1F6
:101F000010073846FFF77BFF04F120063046FFF745
:101F100076FF04F130052846FFF771FF04F1080B46
:101F20005846FFF765FF04F1180A5046FFF760FFB7
:101F300004F128094846FFF75BFF04F138084046E2
:101F4000FFF756FF4FF47A7001F0F0FE5846FFF7A6
:101F500056FF5046FFF753FF4846FFF750FF4046F5
:101F6000FFF74DFF2046FFF743FF3846FFF740FFDE
:101F70003046FFF73DFF2846FFF73AFF0D4801F0D6
:101F80006BFC0D4B03AC93E8070084E807000B4B98
:101F900000934FF08D43224600210948FFF72AFEA7
:101FA00001F074FC01F0CAFB01F0B8F8F8E700BFDB
:101FB00000000020942C0108882C01080000C84271
:101FC0008C0B002010B504464FF07C51FEF7CCFE80
:101FD00001462346094CA4EB63042046FEF7C4FEE9
:101FE00001462046FEF7C0FE01464FF07F50FEF747
:101FF000B1FD01462046FEF7B7FE10BDDF59375F41
:102000002DE9F04383B004460E46144F00224021D0
:10201000384602F047FC04F07F04114D2C70DFF8C5
:102020004480114C4FF03709CDF80090012342460F
:102030002946204603F0A3FE2E70CDF80090012320
:1020400042462946204603F09AFE012240213846A6
:1020500002F028FC002003B0BDE8F0830014024029
:10206000B10C0020B00C0020B40C002038B505469F
:102070000C4600212A20FFF7C3FF022001F056FE84
:1020800029462920FFF7BCFF022001F04FFE214620
:102090006420FFF7B5FF022001F048FE81212A20CD
:1020A000FFF7AEFF0A2001F041FE38BD70B50446CF
:1020B0000E46154601462820FFF7A2FF022001F038
:1020C00035FE0A212920FFF79BFF022001F02EFE9A
:1020D00001216420FFF794FF022001F027FE44F065
:1020E00080012520FFF78CFF022001F01FFE314602
:1020F0002620FFF785FF022001F018FE032134207F
:10210000FFF77EFF022001F011FE03216720FFF799
:1021100077FF022001F00AFE81212A20FFF770FFDD
:10212000062001F003FE45F080012720FFF768FF3D
:10213000022001F0FBFD70BD2DE9F04182B00446A4
:10214000134E00224021304602F0ACFB114D64F0EA
:102150007F042C70104C114F4FF03708CDF80080E1
:10216000012322462946384603F009FECDF80080B7
:10217000012322462946384603F001FE0122402170
:10218000304602F08FFB207802B0BDE8F08100BF3E
:1021900000140240B10C0020B00C0020B40C002050
:1021A00010B501463220FFF72BFF0A2001F0BEFDDB
:1021B00080213420FFF724FF0A2001F0B7FD3520ED
:1021C000FFF7BAFF044600213420FFF719FF0A2069
:1021D00001F0ACFD204610BD2DE9F04383B004466C
:1021E0000D461646144F00224021384602F05AFB95
:1021F00044F0800011490870DFF8448088F800003E
:10220000104C4FF03709CDF8009001230E4A2046BC
:1022100003F0B5FDCDF8009033462A4641462046EE
:1022200003F0ADFD01224021384602F03BFB0020C7
:1022300003B0BDE8F08300BF00140240B10C0020E1
:1022400044000020B40C0020B00C002010B5302158
:102250006A20FFF7D5FE0A2001F068FD0D21242039
:10226000FFF7CEFE0A2001F061FD0E212820FFF7C6
:10227000C7FE0A2001F05AFD8E213120FFF7C0FE73
:102280000A2001F053FD01210B20FFF7EFFE0A2089
:1022900001F04CFD0020FFF783FF102802D001243D
:1022A000204610BD01210B20FFF7E0FE0A2001F0BF
:1022B0003DFD00210A20FFF7D9FE0A20FFF770FF3D
:1022C000002841D10A2001F031FD00210B20FFF749
:1022D000CDFE0B20FFF764FF0446B8BB0A2001F0D7
:1022E00025FD24214120FFF7C1FE4120FFF758FFC3
:1022F000242801D00424D3E70A2001F017FDC021CF
:102300004220FFF7B3FE4220FFF74AFFC02801D06A
:102310000524C5E70A2001F009FD00212A20FFF766
:102320006FFE0A2001F002FD00213420FFF768FE55
:102330000A2001F0FBFC062203210E20FFF7B6FE67
:10234000642001F0F3FCABE70224A9E70324A7E72C
:1023500008B5014606224920FFF73EFF08BD0000F0
:1023600038B5354D0E2229463B20FFF735FF2A7838
:102370006B7843EA0223314C2380AA78EB7843EA56
:10238000022363802A796B7943EA0223A380AA7926
:10239000EB7943EA0223A3812A7A6B7A43EA022388
:1023A000628B9B1AE381AA7AEB7A43EA0223A28B1F
:1023B0009B1A23822A7B6B7B43EA0223E28B9B1AC4
:1023C00063821F4D2846FFF7C3FF2868C4F8060044
:1023D000AB8863811B4D94E8070085E80700B4F9DA
:1023E0000C00FEF76DFC1849FEF772FD1749FEF769
:1023F000B3FBE860B4F90E00FEF762FC1449FEF787
:1024000067FD1449FEF764FD2861B4F91000FEF77A
:1024100057FC0F49FEF75CFD0E49FEF759FD686158
:10242000B4F91200FEF74CFC0949FEF751FD0949C9
:10243000FEF74EFDA86138BD300C0020400C002096
:10244000240C0020600C00205CEFA6430000A84193
:102450006F1283413333654208B5C10001F0F801C2
:102460001B20FFF7CDFD08BD08B5C10001F0F80144
:102470001C20FFF7C5FD08BD38B5002534E0354CFC
:102480000E2221463B20FFF7A7FE2378627842EA1E
:102490000322314B998A0A449A82A178E27842EA6F
:1024A0000122D98A0A44DA822179627942EA012238
:1024B000198B0A441A83217A627A42EA0122598BE3
:1024C0000A445A83A17AE27A42EA0122998B0A44A9
:1024D0009A83217B627B42EA0122D98B0A44DA8308
:1024E000052001F023FC0135B5F5967FC7DB1A4BBB
:1024F000B3F91410194A82FB0140C917C1EB6011EE
:102500009982B3F9161082FB0140C917C1EB601123
:10251000D982B3F9181082FB0140C917C1EB6011D1
:102520001983B3F91A1082FB0140C917C1EB60117E
:102530005983B3F91C1082FB0140C917C1EB60112C
:102540009983B3F91E1082FB0102C917C1EB621215
:10255000DA8338BD300C0020400C0020B5814E1BC2
:1025600010B586B0642001F0E1FB7520FFF7E4FDB3
:10257000224B18700024019402940394049405944F
:1025800048F26B03ADF8043040F26B33ADF806301F
:102590006C23ADF8083040F21A43ADF80A3041F62A
:1025A0001B03ADF80C3041F21C03ADF80E3040F2C5
:1025B0001D23ADF8103042F26A03ADF812300DE081
:1025C00006AB03EB440313F8131C13F8140CFFF7CA
:1025D00017FD012001F0AAFB0134E4B2092CEFD968
:1025E0000320FFF739FF0220FFF73EFFFFF72EFE23
:1025F000FFF742FF002006B010BD00BF200C0020F6
:10260000D0B56E4BB3F90600B3F9084000282CDBB7
:1026100000285DDB002840F39A80002C40F397806F
:10262000FDF740FF06460F462046FDF73BFF0246FA
:102630000B4630463946FEF7C9F884460C46002260
:102640005F4B604624F00041FEF71CFA002872D070
:102650005C4B5D4A1A605D4B5D4A1A605D4B5E4A99
:102660001A605E4B5E4A1A6075E0002CD0DAFDF706
:1026700019FF06460F462046FDF714FF02460B469B
:1026800030463946FEF7A2F806460C4600224C4B6F
:10269000304624F00041FEF7F5F960B1494B504A4D
:1026A0001A604A4B4C4A1A604A4B4E4A1A604B4BCE
:1026B0004D4A1A604FE0434B4C4A1A60434B4C4A18
:1026C0001A60444B4B4A1A60444B4B4A1A6042E032
:1026D000002C9FDDFDF7E6FE06460F462046FDF77F
:1026E000E1FE02460B4630463946FEF76FF80646D5
:1026F0000C460022324B304624F00041FEF7C2F96E
:1027000060B1304B3D4A1A60304B334A1A60314B4E
:102710002F4A1A60314B3A4A1A601CE0294B374A5B
:102720001A602A4B374A1A602A4B374A1A602B4BD9
:10273000364A1A600FE0364B224A1360234A324968
:102740001160244A2F491160244A136003E00028D5
:1027500001DD002C00DBD0BDFDF7A4FE06460F46D0
:102760002046FDF79FFE02460B4630463946FEF7EF
:102770002DF806460C460022114B304624F000414D
:10278000FEF780F960B10F4B224A1A600F4B224AC4
:102790001A60104B104A1A60104B204A1A60DAE790
:1027A000084B1C4A1A60094B124A1A60094B1C4A12
:1027B0001A600A4B1B4A1A60CDE700BF600C00206C
:1027C0000000F03F4000002052499D3AA40C002038
:1027D000355E7ABFA80C0020A8C64BBEAC0C00200A
:1027E0000AD7A3BBBE9F7A3F4ED111BC6F1203BC68
:1027F0007B140EBFE17A543F6F1203BB0AD7A33B91
:10280000A69B443C68910DBFE17A54BF99BB16BBAF
:1028100099BB163B0AD7233B355E7A3F6F12033CC8
:10282000295C0FBFBC74933B2DE9F04F8FB0AB4CCC
:1028300020682168FEF798FA08902068A84E316851
:10284000FEF792FA03902068A64D2968FEF78CFAED
:1028500004902068A44C2168FEF786FA814630680F
:102860003168FEF781FA059030682968FEF77CFA36
:10287000804630682168FEF777FA06902868296854
:10288000FEF772FA019028682168FEF76DFA07904A
:1028900020682168FEF768FA0290944D2A69944BEB
:1028A0001A606A69934B1A60AA69934B1A60B5F96A
:1028B0000000FEF705FA914F3860B5F90200FEF707
:1028C000FFF9DFF83CA2CAF80000B5F90400FEF7F2
:1028D000F7F98C4B1860B5F90600FEF7F1F9DFF84F
:1028E00028B2CBF80000B5F90800FEF7E9F9874CEB
:1028F0002060B5F90A00FEF7E3F9854D286001F084
:102900000FFA844E30603068834F3B68C01AFEF780
:10291000D3F98249FEF7DCFA009033683B60774FC9
:1029200038683968FEF720FA0646DAF80000DAF867
:102930000010FEF719FA01463046FEF70DF906467B
:10294000704B18681968FEF70FFA01463046FEF71B
:1029500003F9FFF737FB064638683146FEF704FAFD
:102960003860DAF800003146FEF7FEF9CAF80000D8
:10297000644A174610683146FEF7F6F93860DBF80E
:102980000000DBF80010FEF7EFF90646206821682A
:10299000FEF7EAF901463046FEF7DEF806462868FB
:1029A0002968FEF7E1F901463046FEF7D5F8FFF752
:1029B00009FB0646DBF800003146FEF7D5F9CBF8F7
:1029C000000020683146FEF7CFF9206028683146C4
:1029D000FEF7CAF92860DBF800000146FEF7BCF8F4
:1029E000064601994FF07C50FEF7B4F80299FEF7C5
:1029F000B1F8099001463046FEF7B6F90646206860
:102A00000146FEF7A9F8074649464046FEF7A2F8F8
:102A10000A9001463846FEF7A7F901463046FEF710
:102A20009BF8064628680146FEF796F80746069981
:102A30000498FEF791F80B9001463846FEF794F99A
:102A400001463046FEF788F80C90DBF8000001469E
:102A5000FEF782F8064641464846FEF77DF80146F5
:102A60003046FEF781F9064620680146FEF774F805
:102A7000074605994FF07C50FEF76CF80D900299CF
:102A8000FEF768F801463846FEF76EF90146304613
:102A9000FEF762F8064628680146FEF75DF807462D
:102AA00003990798FEF756F801463846FEF75CF999
:102AB00001463046FEF750F88146DBF8000001463B
:102AC000FEF74AF8064604990698FEF743F80746CB
:102AD00001463046FEF748F9804621E040000020DC
:102AE000A40C0020A80C0020AC0C0020600C0020DE
:102AF000140C0020180C00201C0C0020FC0B0020E3
:102B0000000C0020040C0020940C0020980C0020E5
:102B10009C0C0020A00C00202C0C00200000FA448B
:102B200020680146FEF718F8049007990398FEF70D
:102B300013F8064601460498FEF716F9014640468A
:102B4000FEF70AF8804628680146FEF705F803906C
:102B500001990D98FDF7FEFF069001460398FEF7D8
:102B600003F901464046FDF7F7FF8046DDF830C027
:102B700061466046FEF7F8F8039049464846FEF77E
:102B8000F3F801460398FDF7E7FFFDF79DFC0FF012
:102B9000E1FAFDF78BFF814639463846FDF7DCFF49
:102BA000039031463046FDF7D7FF04900599089809
:102BB000FDF7D0FF0199FDF7CDFF0299FDF7CCFF9E
:102BC000019049464846FDF7C7FF814601460998EE
:102BD000FEF7CAF8029041464046FDF7BDFF804629
:102BE00001463846FEF7C0F801460298FDF7B4FFEB
:102BF000074649460A98FEF7B7F802904146304624
:102C0000FEF7B2F801460298FDF7A6FF06464946D0
:102C10000B98FEF7A9F8814641460698FEF7A4F8FE
:102C200001464846FDF798FF8046DAF80000019912
:102C3000FEF79AF88146B44A10680499FEF794F8B2
:102C400001464846FDF786FF814620684146FEF76B
:102C50008BF8029028683146FEF786F80146029804
:102C6000FDF778FF01464846FDF776FF8146A64A04
:102C700010680399FEF778F80290A44B1868019940
:102C8000FEF772F801460298FDF764FF019028688C
:102C90003946FEF769F80546DBF800004146FEF7C5
:102CA00063F801462846FDF755FF01460198FDF7F8
:102CB00053FF0546954B18680499FEF755F8804672
:102CC000DAF800000399FEF74FF801464046FDF799
:102CD00041FF8046DBF800003146FEF745F8064626
:102CE00020683946FEF740F801463046FDF732FFCE
:102CF00001464046FDF730FF044600214846FEF7F6
:102D0000C7F900285BD100212846FEF7C1F9002849
:102D100055D100212046FEF7BBF900284FD17C4950
:102D20004846FEF721F8009E3146FEF71DF8DFF811
:102D3000E4A1DAF80010FDF70FFFCAF800007449AB
:102D40002846FEF711F83146FEF70EF8724F396843
:102D5000FDF702FF38606E492046FEF705F8314660
:102D6000FEF702F86D4E3168FDF7F6FE3060494619
:102D70004846FDF7F1FEDFF8A881D8F80010FDF70E
:102D8000EBFEDAF80010FDF7E7FEC8F80000294670
:102D90002846FDF7E1FE634D2968FDF7DDFE396841
:102DA000FDF7DAFE286021462046FDF7D5FE5E4C91
:102DB0002168FDF7D1FE3168FDF7CEFE20605B4F44
:102DC000386800F10040DFF85891D9F80010FDF79D
:102DD000CBFF0446564D2868DFF848A1DAF800100A
:102DE000FDF7C2FF01462046FDF7B4FE0646514CF2
:102DF0002068DFF834B1DBF80010FDF7B5FF0146BD
:102E00003046FDF7A7FE0099FDF7AEFFDFF82881F9
:102E1000D8F80010FDF7A0FE0190D8F80000D9F80E
:102E20000010FDF7A1FF06462868DBF80010FDF74B
:102E30009BFF01463046FDF78FFE06462068DAF814
:102E40000010FDF791FF01463046FDF783FE009923
:102E5000FDF78AFF3968FDF77FFE0290D8F8000081
:102E6000DAF80010FDF780FF06463868DBF800103E
:102E7000FDF77AFF01463046FDF76CFE06462068F6
:102E8000D9F80010FDF770FF01463046FDF764FEEB
:102E90000099FDF769FF2968FDF75EFE0646D8F840
:102EA0000000DBF80010FDF75FFF83463868DAF8B2
:102EB0000010FDF759FF01465846FDF74DFE8246CA
:102EC0002868D9F80010FDF74FFF01465046FDF77E
:102ED00041FE0099FDF748FF2168FDF73DFE82465F
:102EE000019B19461846FDF73FFF8146DDF808B003
:102EF00059465846FDF738FF01464846FDF72CFE77
:102F0000814631461AE000BF040C0020FC0B002073
:102F10000AD7233C080C00200C0C0020100C0020C9
:102F2000140C0020180C00201C0C0020A40C002005
:102F3000A80C0020AC0C0020400000203046FDF71B
:102F400013FF01464846FDF707FE814651465046AD
:102F5000FDF70AFF01464846FDF7FEFDFFF732F890
:102F6000814601460198FDF7FFFEC8F8000049467A
:102F70005846FDF7F9FE386049463046FDF7F4FE45
:102F8000286049465046FDF7EFFE20600FB0BDE8CF
:102F9000F08F00BF000000002DE9F0475A4D28686F
:102FA0000146FDF7D9FD594C2168FDF7DDFE0746C6
:102FB000DFF85CA1DAF800000146FDF7CDFD554EC3
:102FC0003168FDF7D1FE01463846FDF7C5FD0746DD
:102FD00020684FF04041FDF7C7FE2168FDF7C4FEB1
:102FE000804630680146FDF7B7FD3168FDF7BCFE4D
:102FF00001464046FDF7AEFD4FF07E51FDF7ACFDBA
:10300000FDF762FA804689463846FDF75DFA42468A
:103010004B460FF09DF83AA3D3E9002301F1004994
:103020004946FDF7A9FAFDF741FD3B4F3863286893
:103030004FF04041FDF798FE3168FDF795FE804660
:10304000DAF800000146FDF787FD2168FDF78CFEE8
:1030500001464046FDF780FDFDF736FA0FF050F8C7
:1030600027A3D3E9002301F100494946FDF784FA7B
:10307000FDF71CFDF86220680146FDF76DFD316823
:10308000FDF772FE0646DAF800000146FDF764FD22
:103090002968FDF769FE01463046FDF75DFD0646ED
:1030A00028684FF04041FDF75FFE2968FDF75CFEA0
:1030B000054620680146FDF74FFD2168FDF754FEE7
:1030C00001462846FDF746FD4FF07E51FDF744FDD1
:1030D000FDF7FAF904460D463046FDF7F5F92246AC
:1030E0002B460FF035F806A3D3E90023FDF744FA89
:1030F000FDF7DCFCB862BDE8F08700BFAFF30080ED
:103100006666666666A64C40A40C0020A80C0020EB
:1031100040000020AC0C0020600C002008B5FFF738
:103120001FF9FFF781FBFFF737FF08BD08B50E4811
:103130000E4B03604FF48273436000238360C360CF
:10314000036143614FF4007282613022C261036205
:10315000436283620A23C36202F0B2FD00B908BD74
:10316000FEF754FEFBE700BFB40C00200050014006
:1031700000B589B000230393049305930693079346
:103180000268154B9A4202D009B05DF804FB002199
:10319000019103F568435A6C42F480125A645A6CE8
:1031A00002F480120192019A02911A6B42F02002FD
:1031B0001A631B6B03F020030293029B4FF470739E
:1031C000039302230493032306930523079303A980
:1031D000024801F069FAD7E70050014000140240AC
:1031E00082B0002100910B4B5A6C42F480425A6429
:1031F0005A6C02F480420092009A01911A6C42F0DB
:1032000080521A641B6C03F080530193019B02B03F
:10321000704700BF00380240FEE7FEE7FEE7FEE72A
:10322000FEE770477047704708B500F06DFD08BDB8
:1032300008B5024801F048F808BD00BFD40B0020D3
:1032400008B5024801F040F808BD00BFD40B0020CB
:1032500038B5074D284603F05FF8064C14F8640FA4
:1032600000F030FC01222146284603F0B4F938BDB5
:10327000100D0020780E002010B5054C204603F0FC
:103280004BF801220349204603F0A5F910BD00BF09
:10329000580D0020440F002008B5024801F039FE07
:1032A00008BD00BF5C29002010B5054C204603F086
:1032B00033F801220349204603F08DF910BD00BF09
:1032C000A00D0020AC0F002010B5054C204603F0E7
:1032D00023F801220349204603F07DF910BD00BF09
:1032E000E80D00201410002010B5054C204603F016
:1032F00013F801220349204603F06DF910BD00BF09
:10330000300E00207C1000200120704708B505F029
:1033100001FA162303604FF0FF3008BD08B54FF0E7
:10332000FF31FFF7F3FFFEE770B50C4616460025A8
:1033300006E0AFF30080214601F8010B01350C4691
:10334000B542F6DB304670BD70B50C46164600251A
:1033500004E014F8010BAFF300800135B542F8DB4F
:10336000304670BD4FF0FF3070474FF400534B6054
:1033700000207047012070470020704710B50346B9
:103380000C4A0D490D48006840B10C4800680344E0
:10339000521A934206D8094A136010BD0748084CD8
:1033A0000460F2E705F0B6F90C2303604FF0FF303C
:1033B000F3E700BF00000320000400000C0D002014
:1033C000A83000207047000008B50A480A4B036087
:1033D0004FF4E133436000238360C36003610C2238
:1033E00042618361C36102F0DBFE00B908BDFEF7F4
:1033F0000DFDFBE7E80D00200078004008B50A4805
:103400000A4B03604FF4E133436000238360C360E1
:1034100003610C2242618361C36102F0C1FE00B905
:1034200008BDFEF7F3FCFBE7300E0020007C0040F7
:1034300008B50A480A4B03604FF416534360002353
:103440008360C36003610C2242618361C36102F047
:10345000A7FE00B908BDFEF7D9FCFBE7100D002060
:103460000044004008B50A480A4B03604FF4E133BA
:10347000436000238360C36003610C224261836167
:10348000C36102F08DFE00B908BDFEF7BFFCFBE78B
:10349000580D00200048004008B50A480A4B036058
:1034A0004FF4E133436000238360C36003610C2267
:1034B00042618361C36102F073FE00B908BDFEF78B
:1034C000A5FCFBE7A00D00200014014030B591B031
:1034D00000230B930C930D930E930F930368764A7E
:1034E00093420FD0754A934238D0754A93425FD0C9
:1034F000744A934200F08780734A934200F0AF8091
:1035000011B030BD00240194704B1A6C42F080421F
:103510001A641A6C02F080420192019A02941A6BAA
:1035200042F010021A631B6B03F010030293029B1C
:103530004FF4C0730B9302230C9303230E930823C1
:103540000F930BA9624801F0AFF8224604215220E4
:1035500000F0F2FF522001F027F8D1E70024039495
:103560005A4B1A6C42F000421A641A6C02F0004284
:103570000392039A04941A6B42F010021A631B6BB5
:1035800003F010030493049B03230B9302220C9279
:103590000E9308230F930BA94D4801F085F822469E
:1035A0000521532000F0C8FF532000F0FDFFA7E7DE
:1035B00000240594454B1A6C42F400321A641A6CCC
:1035C00002F400320592059A06941A6B42F0080242
:1035D0001A631B6B03F008030693069B60230B938F
:1035E00002230C9303230E9307230F930BA939484F
:1035F00001F05AF822460121262000F09DFF2620E6
:1036000000F0D2FF7CE700240794304B1A6C42F4A0
:1036100080221A641A6C02F480220792079A089496
:103620001A6B42F008021A631B6B03F0080308933D
:10363000089B4FF440730B9302250C9503230E93C4
:1036400007230F930BA9234801F02EF822462946A1
:10365000272000F071FF272000F0A6FF50E700248C
:1036600009941A4B5A6C42F020025A645A6C02F0C8
:1036700020020992099A0A941A6B42F040021A63D6
:103680001B6B03F040030A930A9B4FF484430B9394
:1036900002230C9303250E9508230F930BA90E48C4
:1036A00001F002F822462946472000F045FF472056
:1036B00000F07AFF24E700BF00780040007C004063
:1036C000004400400048004000140140003802401F
:1036D00000100240000C02400018024008B5012210
:1036E0000C490D4802F077FF01220C490C4802F00A
:1036F00072FF01220B490C4802F06DFF01220B49B9
:103700000B4802F068FF01220A490B4802F063FFF0
:1037100008BD00BFDC0E0020100D0020440F00206B
:10372000580D0020AC0F0020A00D00201410002028
:10373000E80D00207C100020300E0020194B93F87B
:103740006530FF2B14D0184B93F86530FF2B14D045
:10375000164B93F86530FF2B14D0154B93F865305A
:10376000FF2B14D0134B93F86530FF2B14D0704708
:103770000C4B002283F86520E5E70B4B002283F811
:103780006520E5E7094B002283F86520E5E7084B53
:10379000002283F86520E5E7064B002283F86520C8
:1037A000E5E700BF780E0020E00E0020480F002063
:1037B000B00F00201810002000238B4239D210B522
:1037C00004E0012A1BD001338B4231D210F803C030
:1037D000184A92F89021002AF3D1BCF1280FF2D1B7
:1037E000144C4FF0000E84F891E14FF0010E84F874
:1037F00091E184F800C0724484F89021E3E70D4C15
:1038000094F891E10EF10102D2B284F8912104F80A
:103810000EC0BCF1290FD6D102F1010C84F891C180
:103820004FF0000C04F802C0FF2284F89021CAE790
:1038300010BD70478010002010B50A46054C0146A7
:10384000204603F0CCFE204603F0E3FE012000F00A
:103850006DFA10BD781400200FB410B582B004AA20
:1038600052F8041B0192084C204606F0C7FB204684
:10387000FDF7E6FF01462046FFF7DEFF02B0BDE898
:10388000104004B0704700BF48110020344B93F83B
:103890009031FF2B00D07047F0B589B031493048E6
:1038A000FDF752FE70B130492D48FDF74DFE08B3CB
:1038B0002B4B5B784D2B35D0294B002283F8902180
:1038C00009B0F0BD294BDE6A1F6B986AFCF7FCFD5E
:1038D00004460D463846FCF7F7FDCDE902013046B7
:1038E000FCF7F2FDCDE9000122462B462048FFF708
:1038F000B3FFE1E71F4BDE691F6A9869FCF7E4FD3F
:1039000004460D463846FCF7DFFDCDE9020130469E
:10391000FCF7DAFDCDE9000122462B461648FFF7F9
:103920009BFFC9E707AB019306AB009305AB04AA65
:1039300012490B4804F06AFFBDF91C30BDF918208C
:10394000BDF91410BDF91000FEF72AF9079B00938A
:10395000069B059A04990A48FFF77EFFACE700BF73
:1039600080100020C42C0108F82C0108600C0020F5
:10397000CC2C010844140020002D01081C2D010846
:103980002C2D010810B54FF0000C4FF0FF0E7246C1
:103990000BE010F80C305340064AD25C82EA0E026B
:1039A000054C14F803E00CF1010C6145F1DC4EEA22
:1039B000022010BD4C2D01084C2E01088446002029
:1039C000034604E01CF803201044C0B201338B42CC
:1039D000F8D370472DE9F0418F1D50380F2822D8B9
:1039E000DFE800F00E082353292F34393E434821E5
:1039F0002121214D012403254FF04008342603E006
:103A000000240425A0463026032A44D055B16A007C
:103A1000294800EB4600FDF7EFFC284B1B682946C0
:103A200030469847D4BBBDE8F08100240425A04669
:103A300037260322E8E700240425A0463A2603227D
:103A4000E2E700240425A0464126DDE70024042502
:103A5000A0464526D8E700240425A0464926D3E7FA
:103A600000240425A0464D26CEE700240425A046C8
:103A70005126C9E700240425A0465526C4E7104B6B
:103A80001E6800240425A046BEE7012403254FF04C
:103A90002E083D26B8E715460024B8E762003946EF
:103AA000054800EB4800FDF7A7FC044B1B682146C6
:103AB00040469847B7E700BF1812002014120020B4
:103AC0003C140020F0B583B0544B1E68002E00F06B
:103AD0009E80534B1D68691C1960524B5855524BC0
:103AE0001B68062B00F28E80DFE803F0044589890D
:103AF000044589004B4B1B78552B12D10A2940F203
:103B00008180484C0A212046FFF758FFA37A834260
:103B10000FD0434B1D6020462A46611CFDF76CFC0C
:103B200075E03F4B1D603F482A46411CFDF764FC91
:103B30006DE03C4BD9789A7842EA0122ADF800203A
:103B400059791A7942EA0122ADF80220D9799A7995
:103B500042EA0122ADF80420597A1A7A42EA012297
:103B6000ADF80620042269465878FFF733FF2C4B46
:103B700000221A6046E0022944D92A4B5B78032BC5
:103B800026D1284B9F787B1D994240D38A1E254B16
:103B90009C5C40EA042491B21846FFF7F3FE84428D
:103BA0001ED179080D460023AB4221D25A00D01C09
:103BB0001C4C14F800C00432A05C1C4A12681A4461
:103BC00040EA0C201A4C24F8120001339BB2EBE7B8
:103BD000134B1D6013482A46411CFDF70DFC16E0EF
:103BE0000F4B1D600F482A46411CFDF705FC0EE0F7
:103BF0000E4B1868B0470A4B00221A6002E0084BCF
:103C000000221A60064B1B68B3F5807F01D003B019
:103C1000F0BD034B00221A60F9E700BF1412002028
:103C20004014002038130020381400203C140020D9
:103C300018120020DFF834D0FFF7C4FB0C480D4900
:103C40000D4A002302E0D458C4500433C4188C42F7
:103C5000F9D30A4A0A4C002301E013600432A2425D
:103C6000FBD304F05DFDFEF727F970470000032049
:103C700000000020FC0A00203C360108FC0A00205D
:103C8000A8300020FEE7000010B504460E4B18785F
:103C90004FF47A73B3FBF0F30C4A1068B0FBF3F007
:103CA00000F090FC68B90F2C01D901200AE0002235
:103CB00021464FF0FF3000F03FFC054B1C60002018
:103CC00000E0012010BD00BF58000020540000207B
:103CD0005C00002008B50B4B1A6842F400721A60B1
:103CE0001A6842F480621A601A6842F480721A609C
:103CF000032000F00FFC0F20FFF7C6FFFFF770FA5C
:103D0000002008BD003C0240034A1168034B1B78A9
:103D10000B441360704700BF70140020580000204F
:103D2000014B1868704700BF7014002038B5044676
:103D3000FFF7F6FF0546B4F1FF3F02D0044B1B78B6
:103D40001C44FFF7EDFF401BA042FAD338BD00BF73
:103D500058000020002800F0A18038B5044690F8F3
:103D60002030D3B12268136843F001031360FFF7DA
:103D7000D7FF054623685A6812F0010F10D1FFF7EC
:103D8000CFFF401B0A28F5D9636A43F4003363620E
:103D9000052384F82030012038BDFDF785FFE1E7D9
:103DA0001A6822F002021A60FFF7BAFF054623687C
:103DB0005A6812F0020F0DD0FFF7B2FF401B0A281D
:103DC000F5D9636A43F400336362052384F8203035
:103DD0000120E1E7227E012A3DD01A6822F080020C
:103DE0001A60637E012B3BD02268136823F04003E6
:103DF0001360A37E012B39D02268136823F02003BF
:103E00001360E37E012B37D02268136843F0100360
:103E10001360237F012B35D02268136823F0080339
:103E20001360637F012B33D02268136823F00403EF
:103E30001360A368E2681343226913436269134362
:103E40006268013A21681343CB610020606201235C
:103E500084F82030A0E71A6842F080021A60C0E7B8
:103E60002268136843F040031360C2E722681368B6
:103E700043F020031360C4E72268136823F01003A3
:103E80001360C6E72268136843F008031360C8E7AD
:103E90002268136843F004031360CAE701207047E7
:103EA00090F82030013BDBB2012B05D9436A43F483
:103EB000802343620120704710B5474BD3F800229E
:103EC00042F00102C3F80022D3F8002222F47C520F
:103ED000C3F80022D3F80022486A42EA0022C3F85D
:103EE00000224A6902F01F02012000FA02F2D3F810
:103EF0001C026FEA020C20EA0200C3F81C02CB6924
:103F0000CBB9354BD3F80C020CEA0000C3F80C0215
:103F10008C884869D1F80CE044EA0E44483043F8F4
:103F200030408C68088840EA04404C6904F1480E2F
:103F300003EBCE035860CB69012B1ED08B69002B9D
:103F400035D12548D0F804320CEA0303C0F8043216
:103F50000B699BBB2048D0F814320CEA0303C0F86D
:103F600014320B6A012B30D01B4AD2F8003223F0F6
:103F70000103C2F80032002010BD174BD3F80C0229
:103F80001043C3F80C028C884869D1F800E044EA79
:103F90000E44483043F8304088894C69D1F808E035
:103FA00040EA0E40483403EBC4035860C6E70A48B1
:103FB000D0F804321343C0F80432C9E70648D0F8F9
:103FC00014321343C0F81432CBE70349D1F81C3242
:103FD0001A43C1F81C22C7E70064004070B50446CC
:103FE00090F82050EDB2012D06D0436A43F400232F
:103FF00043620125284670BD022380F82030026804
:10400000136823F001031360FFF78AFE0646236856
:104010005B6813F0010F0CD0FFF782FE831B0A2BA5
:10402000F5D9636A43F400336362052384F82030D2
:10403000E0E700256562DDE730B590F820C0046850
:10404000A4680CF1FF3C5FFA8CFCBCF1010F62D854
:1040500014F0E05F59D0C4F3016C012404FA0CF4AD
:104060001C608B68002B3DD10D68CB68046843EA67
:1040700045550CF118031B01E55003680C690CF160
:10408000180E03EB0E135C600B7D012B35D0D1793C
:1040900093791B0443EA0163517943EA01231479BC
:1040A0000168234301EB0C11C1F88C31D17893786E
:1040B0001B0443EA0163517843EA01231178026843
:1040C0000B4302EB0C12C2F8883102680CF1180C99
:1040D0004FEA0C1C52F80C3043F0010342F80C304C
:1040E00000201DE04C6843EAC403CC6823430CF174
:1040F0001804240105682B51BFE7036803EB0E1376
:10410000596841F480715960C1E7436A43F4001370
:104110004362012004E0436A43F4802343620120A8
:1041200030BD90F820C00CF1FF3C5FFA8CFCBCF174
:10413000010F00F2A58030B451B90468E46814F0AE
:10414000030F10D1436A43F40013436201207EE061
:104150000468246914F0030F05D1436A43F4001383
:104160004362012073E0056801F11B0424012C590E
:1041700004F004049460002C6BD1056801F11B0469
:1041800024012C59640D1460046801F11B0C4FEAE2
:104190000C1C54F80C4004F00204D4600468A444DD
:1041A000DCF8045015F0080F5BD008241461056892
:1041B00001F11B0C05EB0C156D68C5F30725956126
:1041C000046804EB0C146468240C5461026802EB6C
:1041D0000112D2F8B8211A70026802EB0112D2F86B
:1041E000B821C2F307225A70026802EB0112D2F81A
:1041F000B821C2F307429A70026802EB0112D2F8AA
:10420000B821120EDA70026802EB0112D2F8BC215A
:104210001A71026802EB0112D2F8BC21C2F3072224
:104220005A71026802EB0112D2F8BC21C2F30742B4
:104230009A71026802EB0112D2F8BC21120EDA71F7
:10424000C1B90268D36843F02003D360002030BCBA
:104250007047056801F11B0424012C59E4085460DF
:1042600092E701F11B0504EB0514646804F00F04E8
:1042700014619CE70268136943F020031361E5E7CA
:10428000436A43F4802343620120704790F8203052
:10429000013BDBB2012B05D9436A43F4802343621F
:1042A000012070470268536919435161002070472B
:1042B0007047704770477047704770477047704746
:1042C00070477047704770472DE9F84F05460368FF
:1042D0005C69D3F804809F68D3F80CB0D3F810A0C1
:1042E000D3F8189014F001063BD017F0010616D051
:1042F00001229A6017F0020F08D117F0040F0CD1B9
:1043000017F0080606D04FF4805608E0FFF7D0FFFC
:10431000002604E0FFF7CFFF01E04FF4006617F43A
:10432000807F0DD02B684FF480729A6017F4007F65
:1043300040F0868017F4806F00F0868046F40056C7
:1043400017F4803F0DD02B684FF480329A6017F439
:10435000003F40F0838017F4802F00F0838046F404
:10436000004614F0080F07D01BF0100F04D046F4DD
:1043700000762B681022DA6014F0040F02D01BF0D4
:10438000080F79D114F0020F04D02B68DB6813F00A
:10439000030F78D114F0400F07D01AF0100F04D09B
:1043A00046F480662B6810221A6114F0200F02D0A8
:1043B0001AF0080F6BD114F0100F04D02B681B6992
:1043C00013F0030F6AD114F4003F02D018F0100F5D
:1043D00068D114F4803F02D018F0080F69D114F4AA
:1043E000004F7AD018F0040F74D014F4807F04D0FA
:1043F00019F0010F01D046F0010614F4007F04D03B
:1044000019F0020F01D046F0020614F4806F04D0B8
:1044100019F0040F01D046F0040614F4006F59D0CF
:1044200019F0700956D0B9F1400F65D058D8B9F1DC
:10443000200F5ED0B9F1300F42D146F0200644E0A3
:104440002846FFF736FF7BE717F4006F02D046F4EB
:10445000804675E72846FFF72FFF71E72846FFF7EC
:1044600029FF7EE717F4002F02D046F4803678E764
:104470002846FFF722FF74E72B680822DA602846F7
:10448000FFF71CFF7EE72846FDF762FB82E72B68FB
:1044900008221A612846FFF713FF8CE72846FFF72A
:1044A0000EFF90E72B6810225A602846FFF709FF9D
:1044B0008FE72B6808225A602846FFF703FF8EE734
:1044C000B9F1100F01D146F008062A68936923F06C
:1044D000700393612B6804225A609EB9BDE8F88F7F
:1044E000B9F1500F0BD0B9F1600FEED146F48076E0
:1044F000EBE746F01006E8E746F04006E5E746F051
:104500008006E2E76B6A1E436E622846FFF7DBFE19
:10451000E4E70000074AD36823F4E0631B041B0CA4
:10452000000200F4E060034343F0BF6343F4003350
:10453000D360704700ED00E000B5194BDB68C3F3B2
:104540000223C3F1070CBCF1040F28BF4FF0040C89
:1045500003F1040EBEF1060F18D9033B4FF0FF3EE6
:104560000EFA0CFC21EA0C0199400EFA03F322EA40
:104570000303194300280BDB0901C9B200F16040B5
:1045800000F5614080F800135DF804FB0023E5E7C7
:1045900000F00F000901C9B2024B1954F4E700BF43
:1045A00000ED00E014ED00E0002807DB00F01F0242
:1045B000400901239340024A42F82030704700BF6F
:1045C00000E100E00138B0F1807F0BD24FF0E02332
:1045D0005861054AF02182F82310002098610722D3
:1045E0001A6170470120704700ED00E070B5044685
:1045F000866DFFF795FB94F83530DBB2022B06D0C1
:1046000080236365002384F83430012070BD0546A3
:104610002268136823F0160313602268536923F09D
:1046200080035361236CE3B12268136823F008030D
:1046300013602268136823F00103136023681B686A
:1046400013F0010F11D0FFF76BFB431B052BF5D9BE
:1046500020236365032084F83500002384F8343078
:10466000D4E7A36C002BDFD1E3E7E26D3F23934057
:10467000B360012384F83530002084F83400C5E7A6
:1046800090F83530DBB2022B03D080234365012044
:104690007047052380F835300268136823F0010362
:1046A000136000207047000000230F2B00F2F18000
:1046B00070B582B061E085685E000324B44025EAED
:1046C0000405CC68B4402C438460456825EA0205A3
:1046D0004C68C4F300129A402A4342605BE0DC0855
:1046E000083450F8246003F0070295000F22AA4016
:1046F00026EA020E0A69AA4042EA0E0240F8242085
:104700005DE0092200E0002202FA0EF22A430234A0
:10471000604D45F82420604A94686FEA0C0224EA50
:104720000C054E6816F4801F01D04CEA04055A4C63
:10473000A560E46802EA04054E6816F4001F01D083
:104740004CEA0405544CE560646802EA04054E68CE
:1047500016F4003F01D04CEA04054F4C6560246814
:1047600022404D6815F4803F01D04CEA04024A4CC7
:10477000226001330F2B00F28A8001229A400C68DC
:1047800004EA020C32EA0404F3D14C6804F0030496
:10479000013C012C8FD94A6802F00302032A09D098
:1047A000C4685D000322AA4024EA02048A68AA4081
:1047B0002243C2604A6802F00302022A8FD00468D2
:1047C0004FEA430E032202FA0EF224EA02044A6878
:1047D00002F0030202FA0EF2224302604A6812F467
:1047E000403FC6D0002201922C4A546C44F48044CD
:1047F0005464526C02F480420192019A9C08A51CF8
:10480000244A52F8255003F003024FEA820E0F2289
:1048100002FA0EF225EA0205214A90423FF473AFF4
:1048200002F58062904222D002F58062904220D050
:1048300002F5806290421ED002F5806290421CD048
:1048400002F5806290421AD002F58062904218D040
:1048500002F58062904216D002F58062904214D038
:1048600002F5806290423FF44CAF0A224CE70122ED
:104870004AE7022248E7032246E7042244E70522EA
:1048800042E7062240E707223EE708223CE702B063
:1048900070BD704700380140003C014000380240C4
:1048A000000002400AB181617047090481617047CC
:1048B0002DE9F04383B0D0F8008001EBC10300EB99
:1048C00083039A6A5B6A9A4254D807460C469B1A3D
:1048D00001EBC10200EB8202D2699A4200D31A4670
:1048E00002F103094FEA990915E006F103094FEABD
:1048F0009909BB7904EBC40507EB8505296A009388
:10490000B3B2E2B2404602F0ADF92B6A33442B62F7
:10491000AB6A3344AB6208EB441303F510639B6945
:104920009BB24B4512D304EBC40207EB8202916A9F
:10493000536A99420AD24BB15B1A04EBC40207EBEB
:104940008202D6699E42D0D31E46CEE704EBC40055
:1049500007EB80077A6ABB6A9A420FD804F00F040B
:104960000123A340D8F8344824EA0304C8F83448A3
:10497000002000E0012003B0BDE8F0830020FAE74A
:1049800030B583B000287AD00446056890F8953495
:10499000C3B1032384F89534B5F1A04F17D0206834
:1049A00001F012FF237C8DF80030231D0ECB206810
:1049B00001F049FE70B1022384F8953401252846A0
:1049C00003B030BD80F8943403F050FDE1E70023DC
:1049D000A371E4E70021206802F065FB024608B9F4
:1049E000034617E0022384F895340125E7E703EB3B
:1049F000C30104EB8101012048750B75CB850020B4
:104A00000876C861086203EBC30104EB81014862C8
:104A10000133DBB220799842E9D816E002EBC203F9
:104A200004EB8303002183F8551283F8542283F8A2
:104A30005812C3F85C12C3F8601202EBC20304EB15
:104A40008303C3F864120132D2B29042E6D8237CC9
:104A50008DF80030231D0ECB206801F00BFF0546BA
:104A600020B1022384F895340125A8E7002363745C
:104A7000012384F89534206802F0D3FA9FE70125DA
:104A80009DE7036890F89424012A1AD010B50446D3
:104A9000012280F89424DA6812F0400F02D0427BA1
:104AA000012A09D0206801F089FE206802F0ABFAE3
:104AB000002084F8940410BD9A6B42F480329A630B
:104AC000F0E702207047000070B504460D4600680C
:104AD000066C00EB411303F530639A68A179012954
:104AE00011D038498E4256D03DB905EBC50304EBD1
:104AF0008303D3F86432002B5ED0E9B2204603F082
:104B0000FFFC002070BD12F0080F09D02E498E4224
:104B1000F7D912F4004FF4D04FF400429A60F0E756
:104B200012F0200F02D020229A60EAE712F0280F3C
:104B3000E7D125498E4206D912F4004F03D04FF435
:104B400000429A60DDE705EBC50204EB8202D2F871
:104B500074121B69C3F31203CB1AC2F868327DB911
:104B600005EBC50204EB8202D2F864226AB105EBC0
:104B7000C50204EB8202D2F860120B44C2F8603224
:104B8000E9B2204603F0BCFCBBE704F29C420121E1
:104B900002F0CAFAF4E712F4004F03D04FF40042D7
:104BA0009A60AEE712F0200F01D020229A60E9B29D
:104BB000204603F0A5FCA4E704F29C42002102F089
:104BC000B3FA9AE70A31544F0A30544F38B50446C5
:104BD00003681D6C03EB4113D3F8081B0E4A954282
:104BE00007D903F5306311F4004F02D04FF40042AF
:104BF0009A60204603F07CFC074B9D4202D9A379C2
:104C0000012B01D0002038BD04F29C420121206814
:104C100002F08AFAF6E700BF0A30544F90F8943455
:104C2000012B0CD010B50446012380F89434417454
:104C3000006802F0D8F9002084F8940410BD022026
:104C4000704738B505468C4611F0800F2BD101F026
:104C50000F0E0EEBCE04A40004F514740444211DC1
:104C60000EEBCE0E00EB8E0E00208EF855020CF0EF
:104C70000F0C81F800C0C2F30A028A600B714A78F7
:104C80000AB1A1F81AC0022B1CD095F89434012B5C
:104C90001BD0012385F89434286801F0C6FE00205B
:104CA00085F8940438BD01F00F0000EBC0018900C5
:104CB00010312944043100EBC00005EB80000124D1
:104CC0004475D4E700234B71DFE70220EAE710B513
:104CD00004460A4611F0800F20D101F00F0000EBCE
:104CE000C0039B0003F514732344191D00EBC0009F
:104CF00004EB8000002380F8553202F00F020A70A6
:104D000094F89434012B18D0012384F8943420684B
:104D100001F0DAFE002084F8940410BD01F00F00C9
:104D200000EBC0039B0010332344191D00EBC000AF
:104D300004EB800001234375DFE70220EDE710B5A7
:104D4000144601F00F0C0CEBCC01890001F5147135
:104D5000014404310CEBCC0E00EB8E0ECEF8602239
:104D6000CEF864320023CEF868328EF855328EF8D1
:104D700054C28279012A04D0006801F08BFF002020
:104D800010BDCEF87042F7E701F00F0101EBC10151
:104D900000EB8101D1F86802704710B5144601F0AC
:104DA0000F0C0CEBCC0189001031014404310CEBE9
:104DB000CC0E00EB8E0ECEF82020CEF8243000234F
:104DC000CEF8283001238EF815308EF814C0827981
:104DD0009A4204D0006801F05DFF002010BDCEF8BB
:104DE0003040F7E738B501F00F050279AA4238D311
:104DF00004460B4611F0800F1FD101EBC101890061
:104E000001F514710144043103EBC30300EB830388
:104E1000002283F8552201238B700D7094F894348E
:104E2000012B20D0012384F89434206802F080F80C
:104E300085B1002084F8940438BD05EBC5018900D4
:104E400010310144043105EBC50300EB830301225B
:104E50005A75E0E704F29C42A179206802F064F9F7
:104E6000E7E70120E8E70220E6E701F00F03027917
:104E70009A4230D310B5044611F0800F1ED103EBD7
:104E8000C301890001F514710144043103EBC3022D
:104E900000EB8202002082F8550200228A700B701B
:104EA00094F89434012B18D0012384F894342068AA
:104EB00002F06BF8002084F8940410BD03EBC301EA
:104EC000890010310144043103EBC30200EB82027C
:104ED00001205075E1E7012070470220EDE708B599
:104EE00011F0800F0CD101F00F0101EBC10189001D
:104EF00001F5147101440431006801F055FE08BD4C
:104F000001F00F0101EBC1018900103101440431AE
:104F1000F2E72DE9F04F83B004460568284602F019
:104F2000BEF810B103B0BDE8F08F0646206802F06D
:104F300086F80028F6D005F50067BB68C3F30D239B
:104F4000C4F8D434206802F07AF810F0020F04D0CC
:104F50002268536903F002035361206802F06FF87E
:104F600010F0100F13D02268936923F0100393619F
:104F7000D5F8208008F00F09C8F34343022B4BD02B
:104F8000062B6FD02268936943F010039361206869
:104F900002F055F810F4002F76D1206802F04FF897
:104FA00010F4802F40F0E080206802F048F80028DC
:104FB000C0F26181206802F042F810F4006F09D05D
:104FC000BB6813F0010F40F06E812268536903F44F
:104FD00000635361206802F032F810F4805F40F003
:104FE0006681206802F02BF810F4005F40F0B38176
:104FF000206802F024F810F0080F40F0C481206807
:1050000002F01DF810F0800F00F0D781AB6923F09B
:105010008003AB610126C0E147F6F07318EA030F85
:10502000B0D04FEA181B4FEAC903019309EBC90A34
:1050300004EB8A0AC8F30A12DAF86012284601F073
:105040004DFFCBF30A0BDAF860325B44CAF86032EA
:10505000019B4B4404EB8303D3F868325B44CAF8EA
:1050600068328FE7082204F29C41284601F036FF9F
:10507000C8F30A1809EBC90204EB8202D2F86832BD
:105080004344C2F868327DE7206801F0DCFF8046C7
:10509000B14635E005EB49130122C3F8082B494618
:1050A0002046FFF711FD3CE005EB49130822C3F849
:1050B000082B49462046FFF789FD35E009EBC90377
:1050C00004EB830393F85732012B41D005EB4913CE
:1050D0000222C3F8082B1AF0200F04D005EB491365
:1050E0002022C3F8082B1AF4005F05D005EB491302
:1050F0004FF40052C3F8082B09F101094FEA580890
:10510000B8F1000F3FF449AF18F0010FF4D05FFA87
:1051100089FB5946206801F0A6FF824610F0010F76
:10512000B8D11AF0080FBFD11AF0100F04D005EB58
:1051300049131022C3F8082B1AF0020FCBD06B6969
:1051400013F0800FBAD07B6843F480637B60B5E7CF
:1051500009EBC90304EB8303002283F85722594665
:10516000204603F01DFAB1E7206801F074FF804685
:10517000B14625E05946204603F0CEF91AF0080F53
:1051800004D005EB49130822C3F808291AF0100FC0
:1051900004D005EB49131022C3F808291AF0400F78
:1051A00004D005EB49134022C3F808291AF0020F76
:1051B00040D11AF0800F59D109F101094FEA58087E
:1051C000B8F1000F3FF4F0AE18F0010FF4D05FFA21
:1051D00089FB5946206801F04FFF824610F0010F0D
:1051E000CCD009F00F03012101FA03F27B6B23EA13
:1051F00002037B6305EB4913C3F80819A3798B42BB
:10520000B8D109EBC90304EB8303D9691A6A0A44CC
:105210001A62B9F1000FADD109EBC90304EB8303A6
:105220005B6A002BA6D104F29C420121206801F0A8
:105230007BFF9FE74946284601F0CCFA09EBC903FA
:1052400004EB8303DB7D012B05D005EB4913022220
:10525000C3F80829ADE709EBC90304EB8303002277
:10526000DA755946204603F0A1F9EEE74946204693
:10527000FFF71EFBA0E77B6823F001037B6094F837
:10528000CC34012B08D0204603F084F922685369FE
:1052900003F0004353618DE6002184F8CC142046CE
:1052A00000F03EF9F2E7204603F05CF98DE67B68FA
:1052B00023F001037B601021206801F08BFA1AE0D3
:1052C00005EB46134FF67F31C3F80819D3F80029D0
:1052D00022F40012C3F80029C3F8081BD3F8002BEE
:1052E00022F40012C3F8002BD3F8002B42F0006226
:1052F000C3F8002B01362379B342E1D8FB6943F0B0
:105300000113FB61E37BDBB1D7F8843043F00B037F
:10531000C7F884307B6C43F00B037B64D5F800380E
:1053200023F4FE63C5F8003804F29C42A17920689A
:1053300001F0FAFE2268536903F48053536150E68A
:105340007B6943F4005343F02B037B613B6943F0DB
:105350000B033B61E2E7206801F0D6FE206801F014
:1053600053FBE071266800F0DBFB0146E279304632
:1053700001F0B2F9204603F0E0F82268536903F423
:105380000053536134E6204603F0D1F82268536994
:1053900003F00803536132E601362379B3420CD996
:1053A00006EBC60304EB830393F85732012BF3D1CA
:1053B000F1B22046FFF793FDEEE7206801F03FFED3
:1053C00010F4801F25D1206801F039FE10F4001F71
:1053D00059D0012326E001362379B3421BD905EBCE
:1053E0004613D3F8002906EBC60304EB83031B7EA8
:1053F000012BF0D1002AEEDA06EBC60304EB83039F
:105400000122DA7566F07F01C9B22046FFF767FD19
:10541000E1E70126E0E72268536903F48013536152
:10542000D1E7013322799A4228D905EB4312D2F809
:10543000001B03EBC30204EB820292F85822012AFC
:10544000EFD10029EDDA01F48031D4F8D42402F050
:1054500001029142E5D103EBC30204EB8202012178
:1054600082F85712AA6942F08002AA616A6912F0B2
:10547000800FD6D17B6843F400737B602268536948
:1054800003F400135361206801F0D9FD10F0804F40
:1054900010D1206801F0D3FD10F0040F3FF442ADAD
:1054A00023685D6815F0040F0DD1226853682B4303
:1054B000536037E5204603F07FF82268536903F014
:1054C00080435361E5E7204603F07CF8EDE710B434
:1054D0000468606A29B940EA0240A062002010BC5A
:1054E00070478C46A36A00EB1340002308E003F1E9
:1054F000400104EB8101496800EB11400133DBB24C
:105500000CF1FF318B42F2D340EA02400CF13F0133
:1055100004EB81014860E1E70368596200207047AD
:1055200070470000002800F0E08170B582B00446AA
:10553000036813F0010F3BD09F4B9B6803F00C03F3
:10554000042B2CD09C4B9B6803F00C03082B21D020
:105550006368B3F5803F4FD0B3F5A02F52D0964B80
:105560001A6822F480321A601A6822F480221A60C3
:105570006368002B50D0FEF7D3FB05468E4B1B68AB
:1055800013F4003F14D1FEF7CBFB401B6428F5D980
:105590000320B1E1884B5B6813F4800FD8D0864BB1
:1055A0001B6813F4003F03D06368002B00F09F8159
:1055B000236813F0020F54D07F4B9B6813F00C0F3D
:1055C0003ED07D4B9B6803F00C03082B33D0E3687F
:1055D000002B68D0794B01221A60FEF7A1FB05462B
:1055E000754B1B6813F0020F54D1FEF799FB401B5B
:1055F0000228F5D903207FE16F4A136843F4803312
:105600001360B5E76C4B1A6842F480221A601A687E
:1056100042F480321A60ABE7FEF782FB0546664B28
:105620001B6813F4003FC3D0FEF77AFB401B6428CD
:10563000F5D9032060E1604B5B6813F4800FC6D19D
:105640005D4B1B6813F0020F03D0E368012B40F0A1
:105650005081594A136823F0F803216943EAC103D2
:105660001360236813F0080F42D063696BB3534B88
:105670000122C3F8802EFEF753FB05464E4B5B6FAD
:1056800013F0020F34D1FEF74BFB401B0228F5D973
:10569000032031E1484A136823F0F803216943EA03
:1056A000C1031360DDE7454B00221A60FEF738FBAB
:1056B0000546414B1B6813F0020FD2D0FEF730FBBA
:1056C000401B0228F5D9032016E13C4B0022C3F809
:1056D000802EFEF725FB0546374B5B6F13F0020F5C
:1056E00006D0FEF71DFB401B0228F5D9032003E17D
:1056F000236813F0040F77D02F4B1B6C13F0805FDF
:1057000033D1002301932C4B1A6C42F080521A645F
:105710001B6C03F080530193019B0125284B1B68F0
:1057200013F4807F23D0A368012B34D0052B38D00D
:10573000214B1A6F22F001021A671A6F22F004023D
:105740001A67A368002B3DD0FEF7EAFA06461A4B0B
:105750001B6F13F0020F46D1FEF7E2FA801B41F2F5
:1057600088339842F3D90320C6E00025D6E7144ACF
:10577000136843F480731360FEF7D2FA0646104BA9
:105780001B6813F4807FCED1FEF7CAFA801B022873
:10579000F5D90320B0E0084A136F43F00103136703
:1057A000CFE7054B1A6F42F004021A671A6F42F0F6
:1057B00001021A67C5E700BF0038024000004742F7
:1057C00000700040FEF7ACFA0646524B1B6F13F018
:1057D000020F08D0FEF7A4FA801B41F288339842EA
:1057E000F3D9032088E0EDB9A369002B00F0838092
:1057F000484A926802F00C02082A51D0022B17D0B6
:10580000454B00221A66FEF78BFA0446414B1B6893
:1058100013F0007F42D0FEF783FA001B0228F5D96F
:10582000032069E03B4A136C23F080531364DBE7E9
:10583000394B00221A66FEF773FA0546354B1B6892
:1058400013F0007F06D0FEF76BFA401B0228F5D953
:10585000032051E0E369226A1343626A43EA821338
:10586000A26A5208013A43EA0243E26A43EA026347
:10587000284A5360284B01221A66FEF751FA044663
:10588000244B1B6813F0007F06D1FEF749FA001B7A
:105890000228F5D903202FE000202DE000202BE086
:1058A000012B2BD01B4B5B6803F48001E269914212
:1058B00026D103F03F02216A8A4223D1616A47F66A
:1058C000C0721A40B2EB811F1ED103F44031A26AAC
:1058D0005208013AB1EB024F18D103F07063E26A4B
:1058E000B3EB026F14D1002006E0012070470120C5
:1058F00002E0012000E0002002B070BD0120FBE7C3
:105900000120F9E70120F7E70120F5E70120F3E79F
:105910000120F1E7003802400000474208B5254B5E
:105920009B6803F00C03042B3FD0082B3FD1214B85
:105930005A6802F03F025B6813F4800F12D01D4BCF
:105940005968C1F388111C480023A1FB0001FBF733
:10595000D1FB184B5B68C3F3014301335B00B0FB21
:10596000F3F025E0134B5968C1F3881C4FEA4C1142
:10597000B1EB0C006EEB0E0E4FEA8E1343EA906310
:105980008101091A63EB0E03DB0043EA5173C9007E
:1059900011EB0C0C43F10003990200234FEA8C2019
:1059A00041EA9C51FBF7A6FBD3E7034800E003481C
:1059B00008BD00BF00380240001BB7000024F400FF
:1059C000002800F09B8070B50D4604464F4B1B68C5
:1059D00003F00F038B4208D2CBB24C4A137013680A
:1059E00003F00F038B4240F08B80236813F0020F0B
:1059F00017D013F0040F04D0454A936843F4E053E2
:105A00009360236813F0080F04D0414A936843F46D
:105A1000604393603E4A936823F0F003A1680B4310
:105A20009360236813F0010F32D06368012B21D0FB
:105A30009A1E012A25D9364A126812F0020F61D047
:105A400033498A6822F0030213438B60FEF768F93A
:105A500006462F4B9B6803F00C036268B3EB820F82
:105A600016D0FEF75DF9801B41F288339842F0D9D9
:105A7000032042E0264A126812F4003FE0D10120E0
:105A80003BE0234A126812F0007FD9D1012034E0B4
:105A90001E4B1B6803F00F03AB4207D9EAB21B4B46
:105AA0001A701B6803F00F03AB422DD1236813F06B
:105AB000040F06D0164A936823F4E053E1680B43C1
:105AC0009360236813F0080F07D0114A936823F4FA
:105AD0006043216943EAC1039360FFF71FFF0C4B4A
:105AE0009B68C3F303130B4AD35CD8400A4B18607E
:105AF0000A4B1868FEF7C8F8002070BD01207047F7
:105B00000120FAE70120F8E70120F6E7003C024017
:105B100000380240AC2C0108540000205C0000203A
:105B2000014B1868704700BF5400002008B5FFF70C
:105B3000F7FF044B9B68C3F38223034AD35CD8402E
:105B400008BD00BF00380240BC2C010808B5FFF7B3
:105B5000E7FF044B9B68C3F34233034AD35CD8404E
:105B600008BD00BF00380240BC2C01082DE9F047F9
:105B700082B00546884617461E46FEF7D1F80A9BB6
:105B80001B1A03EB0609FEF7CBF882462B4B1B686A
:105B9000C3F3CB3309FB03F301932B689C6838EA0A
:105BA00004030CBF4FF0010C4FF0000CBC4540D07B
:105BB000B6F1FF3FF1D0FEF7B3F8A0EB0A0048457D
:105BC0000AD2B9F1000F07D0019A02B14A46019BEF
:105BD000013B01939146E0E72A68536823F0E00314
:105BE00053606B68B3F5827F0BD0AB6AB3F5005F8F
:105BF00014D0012385F85130002385F8503003205C
:105C000018E0AB68B3F5004F02D0B3F5806FECD16C
:105C10002A68136823F040031360E6E72A681368D4
:105C200023F4005313602A68136843F4005313608D
:105C3000DFE7002002B0BDE8F08700BF540000207D
:105C400070B584B004460D46164600920B460122FC
:105C50000221FFF78BFFD0B9174B1B68174AA2FB35
:105C600003235B0D4FF47A7202FB03F30393636823
:105C7000B3F5827F11D0039B3BB1039B013B0393A0
:105C800023689B6813F0800FF5D104B070BD636D7D
:105C900043F0200363650320F7E700962B460022BC
:105CA00080212046FFF762FF0028EED0636D43F0AD
:105CB000200363650320E8E754000020819F5E16FF
:105CC00000285AD010B50446436A33B94368B3F587
:105CD000827F05D00023C36102E00023036143619A
:105CE0000023A36294F85130002B40D0022384F8A3
:105CF00051302268136823F040031360636803F493
:105D00008273A26802F404421343E26802F4006260
:105D10001343226902F002021343626902F0010296
:105D20001343A26902F400721343E26902F03802DD
:105D30001343226A02F080021343A26A02F4005263
:105D4000216813430B60638B03F00403626A02F063
:105D50001002216813434B602268D36923F4006367
:105D6000D36100206065012384F8513010BD84F8B0
:105D700050302046FDF7FCF9B8E7012070472DE9C7
:105D8000F04383B00446884691461F460A9DFDF7BE
:105D9000C7FF064694F85130DBB26268012B0AD087
:105DA000B2F5827F40F00581A268002A40F00581AB
:105DB000042B40F00481B8F1000F00F00281B9F12A
:105DC000000F00F00081002F00F0FF8094F85030A9
:105DD000012B00F0FC80012384F8503094F85130FE
:105DE000DBB2042B02D0052384F851300023636515
:105DF000C4F83890E787A787C4F83080E786A7867D
:105E00002364636423681A6812F0400F03D11A6890
:105E100042F040021A60E368B3F5006F11D0636886
:105E20000BB1012F0BD1226B236812781A73236BED
:105E300001332363E38E9BB2013B9BB2E3860127D0
:105E400071E063680BB1012F0BD1226B23681288BC
:105E5000DA60236B02332363E38E9BB2013B9BB278
:105E6000E38601271BE023689A6812F0010F0ED029
:105E7000E28F92B25AB1DA68A36B1A80A36B023335
:105E8000A363E38F9BB2013B9BB2E3870127FDF73E
:105E900047FF801BA84202D3B5F1FF3F1ED1E38E1E
:105EA0009BB21BB9E38F9BB2002B62D023689A6828
:105EB00012F0020FD7D0E28E92B2002AD3D0002F78
:105EC000D1D0226B1288DA60236B02332363E38E16
:105ED0009BB2013B9BB2E3860027C4E7012384F811
:105EE0005130002384F85030032063E023689A681F
:105EF00012F0010F0ED0E28F92B25AB1DA68A36BA2
:105F00001A70A36B0133A363E38F9BB2013B9BB277
:105F1000E3870127FDF704FF831BAB4202D3B5F1F2
:105F2000FF3F1ED1EDB1E38E9BB213B9E38F9BB25D
:105F3000FBB123689A6812F0020FD7D0E28E92B2BA
:105F4000002AD3D0002FD1D0226B12781A73236B82
:105F500001332363E38E9BB2013B9BB2E3860027B0
:105F6000C4E7012384F85130002384F85030032023
:105F700020E0324629462046FFF762FE90B9A3682A
:105F800033B901932368DA6801929B680193019BFE
:105F9000012384F85130002384F85030636D4BB1F5
:105FA000012007E020236365002384F8503001209E
:105FB00000E0022003B0BDE8F0830220FAE70220EF
:105FC000F8E70120F6E70120F4E70120F2E70220DC
:105FD000F0E7026802F10C0353E8003F23F49073EA
:105FE0000C3242E800310029F3D1026802F11403B7
:105FF00053E8003F23F00103143242E80031002946
:10600000F3D1036B012B05D0202380F8423000230D
:1060100003637047026802F10C0353E8003F23F06A
:1060200010030C3242E800310029F3D1ECE790F87C
:106030004130DBB2212B01D0022070478368B3F5D9
:10604000805F17D0036A5A1C02621A7803685A608C
:10605000C38C9BB2013B9BB2C3844BB90268D3682B
:1060600023F08003D3600268D36843F04003D36019
:10607000002070470369002BE4D1036A1B88026883
:10608000C3F308035360036A02330362E0E70000CE
:1060900038B504460268136923F44053C1680B43C2
:1060A000136183680269134342691343C2691A4347
:1060B0000168CB6823F4164323F00C031343CB6031
:1060C0000268536923F4407381690B435361036889
:1060D000314A934206D002F58062934202D0FFF724
:1060E00025FD01E0FFF732FDE369B3F5004F29D04C
:1060F0000021031849411B1841F10001C90041EA80
:106100005371DB00181863684FEA83024FEA9373F8
:1061100041F10001FAF7EEFF204DA5FB00325109D5
:10612000642303FB11031B013233A5FB03235B092B
:1061300003F0F00202EB011203F00F032168134495
:106140008B6038BD0023021843EB0301121841F1A4
:106150000001C90041EA5271D200101841F100015A
:10616000626892185B41FAF7C5FF0C4DA5FB00323F
:106170005109642303FB1103DB003233A5FB032326
:106180005B095A0002F4F87202EB011203F00703F4
:10619000216813448B60D4E7001001401F85EB5148
:1061A00060B310B5044690F8413013B3242384F84B
:1061B00041302268D36823F40053D3602046FFF7B0
:1061C00067FF2268136923F49043136122685369BF
:1061D00023F02A0353612268D36843F40053D36049
:1061E00000206064202384F8413084F842306063EA
:1061F00010BD80F84030FDF769F9D7E701207047FE
:10620000704708B50168CA6822F04002CA602022BF
:1062100080F84120FFF7F4FF002008BD7047704769
:1062200008B5806B0023C385C384FFF7F8FF08BD62
:10623000704790F84230DBB2222B69D18368B3F506
:10624000805F4FD0826AB3F5805F04D0002B56D1B7
:106250000369002B53D103685B681370836A0133B1
:106260008362C38D9BB2013B9BB2C385002B51D18E
:1062700000B583B00268D36823F02003D3600268BE
:10628000D36823F48073D3600268536923F0010359
:106290005361202380F8423000234363036B012BBA
:1062A00033D100230363026802F10C0353E8003F7B
:1062B00023F010030C3242E800310029F3D10368C7
:1062C0001A6812F0100F06D0002201921A6801928B
:1062D0005B680193019B818DFFF7AAFF002003B04B
:1062E0005DF804FB0269002AACD1826A03685B682E
:1062F000C3F308031380836A02338362B1E7036840
:106300005B6803F07F031370A8E7FFF787FFE5E7FB
:10631000022070470020704730B583B00446026801
:106320001368D068516913F00F0505D113F0200FE1
:1063300002D010F0200F19D12DB111F0010119D1A7
:1063400010F4907F16D1216B01297DD013F0800FBE
:1063500003D010F0800F40F0198113F0400F03D0EC
:1063600010F0400F40F0168103B030BD2046FFF71B
:1063700060FFF9E713F0010F06D010F4807F03D01F
:10638000626C42F00102626413F0040F04D019B190
:10639000626C42F00202626413F0020F04D019B181
:1063A000626C42F00402626413F0080F07D010F030
:1063B000200F00D119B1626C42F008026264626C75
:1063C000002AD1D013F0200F02D010F0200F29D1D5
:1063D00023685B6903F04003626C12F0080F00D180
:1063E00063B32046FFF7F5FD23685B6913F0400FA8
:1063F00020D0226802F1140353E8003F23F0400349
:10640000143242E800310029F3D1E36B73B1634ADF
:106410001A65E06BFEF734F90028A5D0E06B036D38
:106420009847A1E72046FFF704FFD1E72046FFF792
:10643000F6FE99E72046FFF7F2FE95E72046FFF7C4
:10644000EEFE002363648FE713F0100F3FF47EAF7E
:1064500010F0100F3FF47AAF0023019313680193FB
:1064600053680193019B536913F0400F52D0E26BC4
:1064700013685B689BB2002B3FF476AFA18D994205
:106480007FF672AFE385D369B3F5807F37D022689A
:1064900002F10C0353E8003F23F480730C3242E80E
:1064A00000310029F3D1226802F1140353E8003FC0
:1064B00023F00103143242E800310029F3D12268AD
:1064C00002F1140353E8003F23F04003143242E882
:1064D00000310029F3D1202384F8423000232363C4
:1064E000226802F10C0353E8003F23F010030C3242
:1064F00042E800310029F3D1E06BFEF777F8022380
:106500006363A18DE38D9BB2C91A89B22046FFF760
:106510008FFE29E7A18DE38D9BB2C91A89B2E38D65
:106520009BB2002B3FF420AF00293FF41DAF22683F
:1065300002F10C0353E8003F23F490730C3242E85D
:1065400000300028F3D1226802F1140353E8003F21
:1065500023F00103143242E800300028F3D1202355
:1065600084F8423000232363226802F10C0353E8CD
:10657000003F23F010030C3242E800300028F3D132
:10658000022363632046FFF753FEEDE62046FFF744
:106590004EFDE9E62046FFF734FEE5E621620008FD
:1065A00081628285C28500234364222380F84230C1
:1065B000036923B10268D36843F48073D36002682F
:1065C000536943F0010353610268D36843F0200329
:1065D000D3600020704708B590F84230DBB2202B22
:1065E00008D149B10AB9012008BD00230363FFF7B0
:1065F000D7FFF9E70220F7E70120F5E782B0002393
:106600000193019B01330193019BB3F1706F15D886
:106610000369002BF5DA00230193036943F00103BA
:106620000361019B01330193019BB3F1706F08D8A3
:10663000036913F0010FF4D1002000E0032002B041
:1066400070470320FBE784B010B5044603A880E838
:106650000E009DF81130012B21D1A36B23F4803360
:10666000A363E36823F4840323F04003E360E36857
:1066700023F44013E3609DF81830012B0AD0204624
:10668000FFF7BCFF9DF80E30012B1CD0BDE8104079
:1066900004B07047E36843F48013E360EFE7E36816
:1066A00043F04003E3602046FFF7A8FF9DF8153054
:1066B00023B9A36B43F48033A363E3E7A36B23F411
:1066C0008033A363DEE7A36843F00603A360A368F7
:1066D00043F02003A360D9E7022A0AD00921C26847
:1066E00022F47052C260C36843EA8123C360002071
:1066F0007047234B0B44234A93422FD9224B0B4420
:10670000224A93422CD9A1F57403A3F51053204AD1
:10671000934227D9A1F18373A3F5E7431D4A93421E
:1067200022D31D4B0B441D4A93421FD91C4B0B44D3
:106730001C4A93421CD31C4B0B441C4A934219D352
:10674000A1F1B773A3F55853194A934214D3194BC7
:106750000B44194A934211D20721C0E70F21BEE72B
:106760000E21BCE70D21BAE70C21B8E70B21B6E7F3
:106770000A21B4E70921B2E70821B0E70621AEE714
:10678000405327FFFF340C00401E1BFF3F420F0009
:106790007F4F120020D6130060B6E5FE5FE31600BF
:1067A00000D3CEFE40771B00C05BB3FEC09121003A
:1067B00020753800E05459FEE09C4100836843F0A6
:1067C0000103836000207047836823F00103836026
:1067D0000020704782B000230193019B0133019395
:1067E000019BB3F1706F15D80369002BF5DA002314
:1067F0000193890141F020010161019B0133019363
:10680000019BB3F1706F08D8036913F0200FF4D126
:10681000002000E0032002B070470320FBE782B0B5
:1068200000230193019B01330193019BB3F1706F2E
:1068300013D80369002BF5DA0023019310230361B9
:10684000019B01330193019BB3F1706F08D8036979
:1068500013F0100FF4D1002000E0032002B07047C5
:106860000320FBE7D0F800381943C0F800180020D7
:106870007047000084B0F8B5044607A880E80E0011
:10688000002306E003F1400204EB82020021516084
:1068900001330E2BF6D99DF8266006BBD4F80438D8
:1068A00043F00203C4F80438A36B43F40013A3635A
:1068B000A36B23F40023A363A36B23F48023A363BC
:1068C0000023C4F8003E9DF82130012B15D19DF81E
:1068D0001F306BB900212046FFF7C4FF11E0A36B06
:1068E00023F40013A363A36B43F40023A363E7E73C
:1068F00001212046FFF7B6FF03E003212046FFF702
:10690000B1FF10212046FFF765FF054600B10125C4
:106910002046FFF784FF00B1012504F5006C002339
:10692000CCF81030CCF81430CCF81C300AE0CBB9DD
:106930004FF00060C2F8000900220A614FF67F3272
:106940008A6001339DF81C10994210D904EB431260
:1069500002F51061D2F800090028E8DB0020C2F837
:106960000009E9E74FF09040C2F80009E4E700238E
:106970000AE0BBB14FF09047C2F8007B00220261F1
:106980004FF67F3282600133994210D904EB4312F3
:1069900002F53060D2F8007B002FEADB0027C2F856
:1069A000007BEBE74FF00067C2F8007BE6E7DCF81E
:1069B000103023F48073CCF810300023A3616FF003
:1069C000804363619DF81E301BB9A36943F0100337
:1069D000A361A2690B4B1343A3619DF822301BB145
:1069E000A36943F00803A361012E04D02846BDE843
:1069F000F84004B07047A36943F0804343F00403B8
:106A0000A361F3E700383C80D0F8083813F00603A0
:106A100007D0022B07D0062B01D00F207047022091
:106A20007047002070470220704710B591F800C0F1
:106A30004B78012B23D000F5006ED0F81C380CF0F9
:106A40000F040122A24043EA0243C0F81C3800EBC5
:106A50004C10D0F8003B13F4004F0ED1D0F8003B9F
:106A60008A68C2F30A02097942EA8142134343F079
:106A7000805343F40043C0F8003B002010BDD0F821
:106A80001C280CF00F0E03FA0EF39BB21343C0F850
:106A90001C3800EB4C10D0F8003913F4004FECD147
:106AA000D0F800398A68C2F30A02097942EA8142C1
:106AB00042EA8C5C43EA0C0343F0805343F4004306
:106AC000C0F80039D9E7000030B40B784A78012AC1
:106AD00026D000EB4313D3F8002B002A52DBD0F86A
:106AE0003C480A7802F00F024FF0010C0CFA02F257
:106AF00024EA0242C0F83C28D0F81C28097801F0AA
:106B00000F010CFA01FC22EA0C42C0F81C28D3F851
:106B1000001B234A0A40C3F8002B002030BC7047FA
:106B200000EB4313D3F80029002A1EDBD0F83C58B1
:106B30000A7802F00F02012404FA02F292B225EA66
:106B40000202C0F83C28D0F81C28097801F00F0197
:106B50008C40A4B222EA0404C0F81C48D3F80019FF
:106B6000104A0A40C3F80029D7E7D3F8002942F0B9
:106B70000062C3F80029D3F8002942F08042C3F82C
:106B80000029D3E7D3F8002B42F00062C3F8002BB2
:106B9000D3F8002B42F08042C3F8002B9FE700BFE0
:106BA0000078F3EF007833EC10B483B00246002392
:106BB0000193487801280AD00B7802EB4313D3F8ED
:106BC000000B00282CDB002003B010BC70470B78B2
:106BD00002EB4313D3F80049002C01DB0020F3E75C
:106BE000D3F8004944F00064C3F800490B7802EB85
:106BF0004313D3F8004944F08044C3F80049019B93
:106C000001330193019C42F210739C42DCD80B7853
:106C100002EB4313D3F80039002BF0DB0020D3E75D
:106C2000D3F8000B40F00060C3F8000B0B7802EBC8
:106C30004313D3F8000B40F08040C3F8000B019BD6
:106C400001330193019842F21073984208D80B78EF
:106C500002EB4313D3F8003B002BF0DB0020B3E73B
:106C60000120B1E710B59DF8084084B903334FEA1D
:106C7000930E4FF0000C08E000EB023303F5805355
:106C800051F8044B1C600CF1010CF445F4D30020C6
:106C900010BD0000F0B583B00C784B78012B2FD0DD
:106CA00000EB441C0CF530631D69ED0CED041D6117
:106CB0001D6925F0FF5525F4C0151D61002C40F01D
:106CC000CF800C690CB18C680C618C680C621D69FA
:106CD000C4F312042C431C611C6944F400241C619D
:106CE000012A00F0E0800B79012B00F0E280DCF853
:106CF000003B43F00443CCF8003B002003B0F0BD60
:106D00000B6983BB00EB4413D3F8105925F0FF55F2
:106D100025F4C015C3F81059D3F8105945F40025CF
:106D2000C3F81059D3F81059ED0CED04C3F81059FD
:106D3000012A53D000EB4414D4F8003943F0044343
:106D4000C4F800390B79012B71D00B69002BD4D01A
:106D5000D0F834380A7802F00F0101228A40134338
:106D6000C0F83438C9E700EB441303F510631D691C
:106D7000ED0CED041D611D6925F0FF5525F4C015CE
:106D80001D6184B90E698D68AE4200D90D611D691F
:106D900045F400251D611D690E69C6F3120C45EA14
:106DA0000C051D61C4E70D698E683544013DB5FBD6
:106DB000F6F51E69484F07EAC54C46EA0C061E6107
:106DC0000E79012EE7D11E6926F0C0461E611E69AC
:106DD0006D0705F0C04535431D61DCE7CB691BB18C
:106DE00000EB4412C2F814390B79012B08D000EBE8
:106DF0004410D0F8003943F00443C0F800397CE770
:106E0000D0F8083813F4807F08D100EB4412D2F890
:106E1000003943F00053C2F80039E8E700EB4412B0
:106E2000D2F8003943F08053C2F80039DFE7D0F8D8
:106E3000083813F4807F0CD1D4F8003943F00053A4
:106E4000C4F8003900920B8A0A78C968FFF70AFF74
:106E500053E7D4F8003943F08053C4F80039F1E720
:106E60000C6954B91C698D68C5F312052C431C616B
:106E70001C6944F400241C6132E78D682C44013CF9
:106E8000B4FBF5F4A4B204FB05F50D621D69124EC6
:106E900006EAC4442C431C611C690D6AC5F3120543
:106EA0002C431C611CE7CA68002A3FF41CAF5A61DE
:106EB00019E7D0F8083813F4807F06D1DCF8003BDE
:106EC00043F00053CCF8003B11E7DCF8003B43F003
:106ED0008053CCF8003B0AE70000F81F00B583B0F0
:106EE000844608464FEA920E02F00302002305E0B2
:106EF0000CF58051096840F8041B01337345F7D342
:106F00009AB10CF5805CDCF8003001934FF0000C76
:106F10005FFA8CF3D900019BCB4000F8013B0CF1E8
:106F2000010C013A92B2002AF2D103B05DF804FBE1
:106F30000B784A78012A14D000EB4310D0F8002BCC
:106F4000002A06DB2BB1D0F8003B23F08043C0F8C9
:106F5000003BD0F8003B43F40013C0F8003B002096
:106F6000704700EB4310D0F80029002A06DB2BB154
:106F7000D0F8003923F08043C0F80039D0F8003948
:106F800043F40013C0F80039E9E70B784A78012A86
:106F90000ED000EB4310D0F8003B23F40013C0F8F0
:106FA000003B0B79023BDBB2012B15D90020704767
:106FB00000EB4310D0F8003923F40013C0F8003977
:106FC0000B79023BDBB2012BF0D8D0F8003943F04B
:106FD0008053C0F80039E9E7D0F8003B43F0805314
:106FE000C0F8003BE2E7D0F8003823F4FE63C0F8B5
:106FF0000038D0F80038090101F4FE611943C0F8E7
:10700000001800207047D0F8003E23F00303C0F8BA
:10701000003ED0F8043823F00203C0F80438002002
:107020007047D0F8003E23F00303C0F8003ED0F8CC
:10703000043843F00203C0F8043800207047426966
:10704000806910407047D0F8183800F50060C069BA
:107050001840000C7047D0F8183800F50060C0697F
:10706000184080B2704700EB4111D1F8082B00F5B1
:10707000006040691040704710B4D0F81048D0F854
:10708000343801F00F02D340DB01DBB2234300EBC5
:10709000411000F510608068184010BC70474069CE
:1070A00000F00100704738B50546C36823F0C043BF
:1070B000C360012913D019BBC36843F08043C36088
:1070C00000240A20FCF732FE0A342846FFF7E7FFC7
:1070D00008B1C72CF5D9C82C14D0002038BDC3681E
:1070E00043F00053C36000240A20FCF71FFE0A345B
:1070F0002846FFF7D4FF0128EDD0C72CF4D9EAE7E2
:107100000120EBE70120E9E7D0F8003923F4FF6321
:1071100023F00703C0F80039D0F8043843F4807333
:10712000C0F804380020704710B4046C144B9C4223
:1071300003D9D0F8003B002B16DB0024C0F8104B1D
:10714000D0F8104B44F40024C0F8104BD0F8104B8A
:1071500044F01804C0F8104BD0F8104B44F0C04471
:10716000C0F8104B012902D0002010BC7047C0F8B5
:10717000142BD0F8003B43F08023C0F8003BF3E72A
:107180000A30544F10B5D0F8D43203F1B00250F8A1
:1071900022408CB100EB820043687BB194F800027E
:1071A000FF280DD09B6894F8012221469847FF23C1
:1071B00084F80032002010BD0320FCE70020FAE72D
:1071C0000020F8E70A23038000487047DC00002015
:1071D000F8B506460F4F8221384600F041FC0546BF
:1071E0000121384600F03CFC04468121384600F07D
:1071F00037FC0DB11022AA711CB14022227100226D
:10720000627118B14022027100224271432333801F
:107210000048F8BD98000020F8B506460F4F8221BF
:10722000384600F01DFC05460121384600F018FCE8
:1072300004468121384600F013FC0DB11022AA71DA
:107240001CB1402222710022627118B140220271E9
:1072500000224271432333800048F8BD980000208B
:10726000F8B506460F4F8221384600F0F9FB054677
:107270000121384600F0F4FB04468121384600F035
:10728000EFFB0DB11022AA711CB100222271022263
:10729000627118B1002202710222427143233380CD
:1072A0000048F8BD9800002038B5D0F8D432B0338B
:1072B00050F8235095B1044601F0D4F9C5F80C02FA
:1072C000D4F8D432B03304EB83046368DB6805F58B
:1072D0000371D5F804029847002038BD0320FCE76D
:1072E00038B5D0F8C852D0F8D432B03350F8234073
:1072F00084B301F00F0303EB830200EB8202926977
:107300004AB103EBC30C05EB8C05ED69B2FBF5FC50
:1073100005FB1C2292B10023C4F81432D0F8D432F9
:10732000B03300EB830043681B69ABB10A4604F538
:107330000471D4F808029847002038BD03EB83039A
:1073400000EB830300249C612346224601F0D2F91E
:107350002046F2E70320F0E70020EEE7F0B583B027
:10736000D0F8D43203F1B00250F8227000228DF828
:107370000720ADF80420002F7BD004460D46097885
:1073800011F0600634D0202E6CD1EA882AB311F0B7
:10739000800F07D16B7887F80032EA883F2A13D82C
:1073A000D2B212E0B03300EB83035B689B683946CE
:1073B00068789847EA88072A28BF07223946204676
:1073C00000F004FF002651E0402287F801223946F0
:1073D000204600F010FF002648E0B03300EB8304A5
:1073E00063689B68002229466878984700263DE03C
:1073F0006F780B2F31D8DFE807F0063930303030A6
:1074000030303030162690F89C32DBB2032B04D09B
:10741000294600F062FB032628E0022201A900F0C1
:10742000D5FE3E4622E090F89C32DBB2032B04D01E
:10743000294600F052FB032618E001220DF1070156
:1074400000F0C4FE12E090F89C32DBB2032B0DD0AA
:10745000294600F042FB032608E0294600F03DFBE8
:10746000032603E0294600F038FB0326304603B02C
:10747000F0BD0326FAE738B50446812101F01AF978
:10748000002525870121204601F014F9A4F8785140
:107490008221204601F00EF9A4F84C50A4F84E5079
:1074A000D4F8D43203F1B00254F822209AB1B033A8
:1074B00004EB83035B685B689847D4F8D432B0333D
:1074C00054F8230001F0D8F8D4F8D432B03344F89B
:1074D0002350C4F8BC52002038BD70B504464FF4A8
:1074E000077001F0C5F8002849D005464FF407722F
:1074F000002101F039F9D4F8D432B03344F82350E4
:10750000C4F8BC52237C002B41D14FF400730222FB
:107510008121204601F0C3F8012626874FF400732D
:1075200002223146204601F0BAF8A4F8786110230F
:10753000A4F84E30082303228221204601F0AFF840
:107540000123A4F84C300026C5F80462D4F8D432E4
:10755000B03304EB83035B681B689847C5F814627B
:10756000C5F81862D5F8042262B3257C1DBB4FF420
:1075700000730121204601F0C5F8284670BDD4F8FB
:10758000D432B033002244F823200225F5E740230B
:1075900002228121204601F082F80126268740231D
:1075A00002223146204601F07AF8A4F878611023CF
:1075B000A4F84E30BEE740230121204601F0A2F896
:1075C0000025DAE70225D8E739B1D0F8D432B03354
:1075D00000EB830041600020704703207047D0F823
:1075E000D432B03350F823302BB1C3F80812C3F8AB
:1075F00010220020704703207047D0F8D432B033F7
:1076000050F823301BB1C3F8041200207047032048
:10761000704708B5D0F8D432B03350F823209AB16F
:10762000D2F814320BB1012008BD0123C2F8143284
:10763000D2F81032C362D2F81032D2F80822812177
:1076400001F058F80020EFE70320EDE710B5D0F87F
:10765000D432B03350F8232092B1047C44B94FF4B3
:107660000073D2F80422012101F04CF8204610BD2D
:107670004023D2F80422012101F044F80024F5E768
:107680000324F3E798B108B503460020C3F8B80215
:10769000C3F8C402C3F8D00209B1C3F8B41201217F
:1076A00083F89C121A70184600F092FF08BD032060
:1076B000704710B582B00023ADF8063089B104469A
:1076C000C0F8B812CB6A23B10DF106009847C4F890
:1076D000D002D4F8D8320133C4F8D832002002B036
:1076E00010BD0320FBE708B500F0D1FF08BD08B5C9
:1076F000D0F8B83213B11B68984708BD0020FCE7EA
:1077000008B5D0F8B8325B68984700B908BD0320C7
:10771000FCE738B5044600F2AA25284600F0C9F96E
:107720000123C4F89432B4F8B032C4F8983294F813
:10773000AA1201F01F03012B0DD0022B10D02BB188
:1077400001F08001204600F0BDFF03E029462046FD
:1077500000F084FB38BD2946204600F0BAFBF9E76B
:107760002946204600F0F7FBF4E7F8B5044601236C
:1077700080F89C320023C0F894324360C0F8A432F1
:1077800080F8A032D0F8B832DBB15B68DBB1002101
:1077900098470746C8B9402300221146204600F00A
:1077A0007EFF0126A4F864614025C4F860512B4691
:1077B00000228021204600F072FFA6842562384610
:1077C000F8BD0027E7E70027E5E70327E3E70174B3
:1077D0000020704790F89C32DBB2042B04D090F864
:1077E0009C32DBB280F89D32042380F89C3200206A
:1077F000704790F89C32DBB2042B01D00020704718
:1078000090F89D32DBB280F89C32F7E708B590F82B
:107810009C32DBB2032B01D0002008BDD0F8B83277
:10782000002BF9D0DB69002BF6D09847F4E708B5B8
:10783000D0F8D432AE3350F823205AB190F89C32AD
:10784000DBB2032B01D0002008BD136A23B1984797
:107850000020F9E70320F7E70020F5E708B5D0F8A6
:10786000D432AE3350F823205AB190F89C32DBB2B8
:10787000032B01D0002008BD536A23B19847002094
:10788000F9E70320F7E70020F5E70020704708B587
:10789000012380F89C32D0F8B83223B15B680179BB
:1078A000984710B908BD0020FCE70320FAE7002044
:1078B00070470020704738B504460D46002943D173
:1078C0001346D0F89422032A01D0084638BDD0F8D8
:1078D0005C11D0F86021914212D890F8AA3203F0DE
:1078E0001F03012B17D0022B1CD0284694F89C3282
:1078F000DBB2032B1BD0204600F094FC2846E5E7C2
:10790000891AC0F85C118A4228BF0A46194600F05D
:1079100081FC2846DAE790F8AE12FFF7C8FF00288E
:10792000E9D1E3E790F8AE12FFF7C3FFF7E700F104
:10793000AE0354F823301A69002ADCD0C4F8D4020C
:107940001B6920469847D6E701F07F01FFF7B1FF9A
:1079500090B994F89C32DBB2032BB7D100F1AE039F
:1079600054F823309A69002AB0D0C4F8D4029B6935
:10797000294620469847A9E70020A7E738B50446DE
:107980000D4600294BD11346D0F89422022A07D085
:1079900094F8A00218B1002384F8A032284638BD1C
:1079A000C269016A8A420ED88A4218D094F89C3281
:1079B000DBB2032B27D08021204600F083FE204637
:1079C00000F03BFCE4E7521AC261194600F00BFCE0
:1079D00000231A461946204600F094FED8E7836932
:1079E0009942E3D8D0F898229342DFD20022114680
:1079F00000F0F9FB0021C4F898120B460A46204615
:107A000000F080FEC4E7D4F8B832DA68002AD2D099
:107A10000022C4F8D422DB6820469847CBE741F027
:107A20008001FFF746FF90B994F89C32DBB2032B3C
:107A3000B5D100F1AE0354F823305A69002AAED014
:107A4000C4F8D4025B69294620469847A7E700207E
:107A5000A5E703780A8813440B800378184470471D
:107A6000428803789A4218D930B583B004460D464F
:107A7000ADF806306288BDF806309A420AD90DF199
:107A80000601FFF7E6FF4378052BF3D18378AB427D
:107A9000F0D100E0002003B030BD00207047034665
:107AA000002002E00130C0B201331A78002AF9D177
:107AB00070470B7803704B7843708B78CA7843EA31
:107AC000022343800B794A7943EA022383808B792E
:107AD000CA7943EA0223C380704710B50446802167
:107AE00000F0F0FD0021204600F0ECFD10BD30B5A7
:107AF00083B004460D460023ADF806304A88130AC9
:107B0000013B062B00F2AB80DFE803F0041F33A932
:107B1000A98D9A00D0F8B4321B680DF10601007CE3
:107B20009847EA88002A00F0A380BDF80630002BB1
:107B300000F099809A4228BF1A46ADF80620014607
:107B4000204600F043FB03B030BD037C43B9D0F8BE
:107B5000B8329B6A0DF10600984702234370E0E7B4
:107B6000D0F8B832DB6A0DF1060098470223437063
:107B7000D7E7D2B2052A52D8DFE802F003101D2A57
:107B80003744D0F8B4325B6823B10DF10601007CB4
:107B90009847C6E72946FFF7A0FFD4E7D0F8B432EC
:107BA0009B6823B10DF10601007C9847B9E729468F
:107BB000FFF793FFC7E7D0F8B432DB6823B10DF1CC
:107BC0000601007C9847ACE72946FFF786FFBAE735
:107BD000D0F8B4321B6923B10DF10601007C98473F
:107BE0009FE72946FFF779FFADE7D0F8B4325B692C
:107BF00023B10DF10601007C984792E72946FFF773
:107C00006CFFA0E7D0F8B4329B6923B10DF10601F7
:107C1000007C984785E72946FFF75FFF93E72946F1
:107C2000FFF75BFF8FE7037C33B9D0F8B8325B6BAB
:107C30000DF10600984774E72946FFF74EFF82E7EB
:107C4000037C43B9D0F8B8321B6B0DF1060098479E
:107C50000723437065E72946FFF73FFF73E729468F
:107C6000FFF73BFF6FE729462046FFF736FF6AE73D
:107C7000204600F0D7FA66E738B504468B88FBB992
:107C8000CB88EBB94B887F2B1AD803F07F0590F88F
:107C90009C32DBB2032B0CD080F89E52294600F0B8
:107CA00021FD204600F0BEFA35B1022384F89C3253
:107CB00009E0FFF712FF06E0012384F89C3202E09E
:107CC0002046FFF70AFF38BD70B504460E468D7892
:107CD0002F4B1D70012D10D890F89C32DBB2022B77
:107CE0000FD0032B26D0FFF7F8FE294B197820463A
:107CF000FFF706FD0325284670BDFFF7EEFE0325BE
:107D0000F9E7A5B145602946FFF7F1FC054638B112
:107D100031462046FFF7E1FE022384F89C32EAE771
:107D2000204600F07FFA032384F89C32E3E700F05A
:107D300079FAE0E7CDB141688D4225D0C9B2FFF7AD
:107D4000DFFC134B197861602046FFF7D0FC054635
:107D5000B0B131462046FFF7C0FE21792046FFF73B
:107D6000CFFC022384F89C32C5E7022380F89C32C2
:107D700045602946FFF7C4FC204600F053FABAE7F5
:107D8000204600F04FFAB6E700F04CFA0025B2E7C3
:107D90007414002008B5CB88012B0BD190F89C32CD
:107DA000DBB2022B09D9032B09D10122011D00F0FE
:107DB0000DFA01E0FFF791FE08BD5BB213B9FFF7C2
:107DC0008CFEF9E70146002341F8083F012200F04C
:107DD000FDF9F1E708B590F89C32013B022B12D86F
:107DE000CB88022B0CD10123C360D0F8A4320BB195
:107DF0000323C360022200F10C0100F0E7F908BD83
:107E0000FFF76BFEFBE7FFF768FEF8E708B54B8866
:107E1000012B04D0022B07D0FFF75FFE08BDC0F88E
:107E2000A43200F0FFF9F9E78B881B0A80F8A03232
:107E300000F0F8F9F2E708B590F89C32013B022B0C
:107E400009D84B88012B00D008BD0023C0F8A4320C
:107E500000F0E8F9F8E7FFF740FEF5E738B50C78F1
:107E600004F06004202C06D0402C04D06CB1FFF745
:107E700034FE002407E0D0F8D432AE3350F823307B
:107E80009B6898470446204638BD4D78092D1DD87B
:107E9000DFE805F012191C161C08051C0F0BFFF774
:107EA00026FEF0E7FFF7E8FEEDE7FFF70DFF0446DB
:107EB000E9E7FFF76FFFE6E7FFF78CFF2C46E2E705
:107EC000FFF7A4FFDFE7FFF7B6FFDCE7FFF705FEEC
:107ED000D9E770B505460C460B7803F06003202BFC
:107EE00007D0402B05D023B1FFF7F7FD0026304621
:107EF00070BD95F89C32013B022B26D821790129CF
:107F000005D921462846FFF7E8FD0026EFE7284679
:107F1000FFF7CDFC68B900F1AE0255F82220916858
:107F200089B1C5F8D4029368214628469847064689
:107F300000E00326E388002BD9D1002ED7D12846B4
:107F400000F070F9D3E70326F4E721462846FFF74F
:107F5000C4FD0026CBE72DE9F04106460D468B888F
:107F6000DFB20C7804F06004202C08D0402C06D03E
:107F7000DCB1FFF7B2FD00242046BDE8F0813946B0
:107F80003046FFF796FC0446002840F0F880C6F81B
:107F9000D40200F1AE0356F823309B68002BEBD0DF
:107FA0002946304698470446E6E791F80180B8F143
:107FB000010F31D0B8F1030F05D0B8F1000F67D031
:107FC000FFF78BFDD8E790F89C32DBB2022B04D090
:107FD000032B12D0FFF781FDCEE70FB1802F04D124
:107FE00029463046FFF779FDC6E7394600F06AFBBF
:107FF0008021304600F066FBBEE74B8823B91FB1F5
:10800000802F01D0CB881BB1304600F00BF9B3E7CD
:10801000394600F057FBF7E790F89C32DBB2022BB1
:1080200004D0032B12D0FFF758FDA5E70FB1802F26
:1080300004D129463046FFF750FD9DE7394600F050
:1080400041FB8021304600F03DFB95E74B88002B3B
:1080500092D117F07F0F17D1304600F0E3F8394680
:108060003046FFF726FC002886D1C6F8D40200F17E
:10807000AE0256F822209268002A00F0828029463B
:1080800030469047044677E7394600F023FBE3E7A4
:1080900090F89C22D2B2022A05D0032A27D0FFF7FB
:1080A0001CFD444668E70FB1802F13D113F0800FF9
:1080B00014D107F07F0707EB8707B90001F5A87116
:1080C0003144043100230B600222304600F07EF878
:1080D000444651E7FFF701FD44464DE707F07F07AF
:1080E00007EB8707B900103131440431EAE75BB28E
:1080F000002B1FDB07F00F0202EB820200EB820273
:10810000B2F864211AB3002B25DB07F07F0303EBE1
:1081100083039C0004F5A874344404340FB1802F09
:1081200022D10023236002222146304600F04EF87F
:10813000444621E707F00F0202EB820200EB8202C5
:10814000928C002ADFD1FFF7C8FC444614E7FFF702
:10815000C4FC444610E707F07F0303EB83039C0055
:10816000103434440434D9E73946304600F064FA18
:1081700010B101232360D6E700232360D3E7002456
:10818000FAE60446F8E600B370B50D461646044616
:10819000FFF785FC01304300B3F5007F06D89BB2A2
:1081A00033802B7003236B7002230AE04FF40073BB
:1081B000F6E7EA5401345A1CD2B20021A954023322
:1081C000DBB22278002AF4D170BD704708B513469F
:1081D0000222C0F894228361C3610A46002100F0A4
:1081E00089FA002008BD08B513460A46002100F0B0
:1081F00081FA002008BD08B513460322C0F8942276
:10820000C0F85831C0F85C310A46002100F07AFA13
:10821000002008BD08B513460A46002100F072FA96
:10822000002008BD08B50422C0F8942200231A4695
:10823000194600F05FFA002008BD08B50522C0F815
:10824000942200231A46194600F05CFA002008BD6B
:1082500008B500220F491048FFF714FA70B90F490A
:108260000D48FFF726FA60B90D490B48FFF7ACF946
:1082700050B90948FFF737FA48B908BDF9F7C6FD04
:10828000EDE7F9F7C3FDEFE7F9F7C0FDF1E7F9F71F
:10829000BDFDF2E7FC000020781400206000002003
:1082A000E8000020002070470020704770B50446A9
:1082B0000D46074E01463046FFF79FF93046FFF75F
:1082C000C5F929682046FBF777FA002070BD00BF8A
:1082D0007814002008B5202803D0212805D00020DC
:1082E00008BD0A48F9F788F8F9E7084B1A780A70C8
:1082F0005A784A709A788A70DA78CA701A790A714C
:108300005A794A719B798B71E9E700BF54170020B5
:1083100010B5064C002206492046FFF760F90549D2
:108320002046FFF76AF9002010BD00BF7814002036
:108330005C1F00205C17002012230B800048704750
:108340001801002004230B80004870472C010020F6
:10835000002393421ED200B510E00CF1370C01F857
:1083600013C000014FEA430C0CF1010C4FF0000E5A
:1083700001F80CE00133DBB2934209D24FEA107CE2
:10838000B0F1204FE9D20CF1300C01F813C0E8E74E
:108390005DF804FB7047000038B50B4BD3F8100AAA
:1083A000D3F8144AD3F8183AC01800D138BD074D95
:1083B0000822A91CFFF7CCFF042205F11201204678
:1083C000FFF7C6FFF2E700BF0070FF1F300100207B
:1083D00008B51A230B80FFF7DFFF014808BD00BF77
:1083E0003001002008B50A4628B905490548FFF7BD
:1083F000CAFE034808BD02490248FFF7C4FEF8E779
:108400005C2700204C2F010810B50A46034C21467A
:108410000348FFF7B8FE204610BD00BF5C270020D0
:10842000642F010808B50A4628B905490548FFF731
:10843000AAFE034808BD02490248FFF7A4FEF8E778
:108440005C270020782F010808B50A4628B905499D
:108450000548FFF798FE034808BD02490248FFF7A8
:1084600092FEF8E75C270020842F010830B589B020
:108470000023039304930593069307930368B3F1D2
:10848000A04F01D009B030BD00250195164C236BDB
:1084900043F001032363236B03F001030193019B6A
:1084A0004FF4C053039302230493032306930A2338
:1084B000079303A90D48FCF7F7F8636B43F08003BB
:1084C00063630295636C43F480436364636C03F4F9
:1084D00080430293029B2A4629464320FCF72CF84E
:1084E0004320FCF761F8CDE700380240000002406D
:1084F00008B500F29C41D0F8E004FFF70AF908BD86
:1085000008B501EBC10300EB8303D3F86022D0F878
:10851000E004FFF7D0F908BD08B501EBC10300EB9B
:1085200083031A6AD0F8E004FFF728FA08BD08B5FB
:10853000D0F8E004FFF76AF908BD10B50446C17928
:1085400011B1022909D10121D4F8E004FFF73FF964
:10855000D4F8E004FFF709F910BDF9F757FC012141
:10856000F2E7000010B50446D0F8E004FFF732F956
:108570002268D2F8003E43F00103C2F8003EE37ADD
:1085800023B1034A136943F00603136110BD00BF12
:1085900000ED00E008B5D0F8E004FFF72AF908BDC7
:1085A00008B5D0F8E004FFF759F908BD08B5D0F8D0
:1085B000E004FFF73CF908BD08B5D0F8E004FFF788
:1085C00064F908BD08B5D0F8E004FFF760F908BD0C
:1085D00002780AB10020704710B503461548C0F86C
:1085E000E034C3F8C8024FF0A043036004230371D2
:1085F0000222C2710023837142728372C3720373B9
:108600008373C373FCF7BCF980B90A4C8021204600
:10861000FCF782FF402200212046FCF758FF802211
:1086200001212046FCF753FF002010BDF9F7EEFBB7
:10863000EBE700BF5C290020D0F8C83211F0800FB2
:1086400008D101F07F0101EBC10103EB810191F839
:108650005602704701F07F0101EBC10103EB81017C
:10866000887D704708B5D0F8C802FCF78DFB08BDBF
:1086700000487047402E00207047032805D8DFE8E7
:1086800000F005040205012070470320704708B57B
:10869000D0F8C802FCF7F5F9FFF7EFFF08BD08B501
:1086A00094461A466346D0F8C802FCF7CAFAFFF7A8
:1086B000E4FF08BD08B5D0F8C802FCF708FBFFF7D7
:1086C000DCFF08BD08B5D0F8C802FCF78BFBFFF74C
:1086D000D4FF08BD08B5D0F8C802FCF7C6FBFFF709
:1086E000CCFF08BD08B5D0F8C802FCF797FAFFF731
:1086F000C4FF08BD08B5D0F8C802FCF74EFBFFF771
:10870000BCFF08BD08B5D0F8C802FCF718FBFFF79E
:10871000B4FF08BD014B1868704700BF4C01002032
:1087200070B50D4E0D4D761BB61006D0002455F8D1
:10873000043B01349847A642F9D1094E094D761BF6
:108740000AF094FAB61006D0002455F8043B013420
:108750009847A642F9D170BD30360108303601087D
:108760003836010830360108830730B548D0541E2A
:10877000002A3FD0CAB2034601E0013C3AD303F8D5
:10878000012B9D07F9D1032C2DD9CDB245EA052542
:108790000F2C45EA054536D9A4F1100222F00F0C42
:1087A00003F1200EE6444FEA121C03F1100242E9E5
:1087B000045542E9025510327245F8D10CF101021C
:1087C00014F00C0F03EB021204F00F0C13D0ACF1F9
:1087D000040323F003030433134442F8045B93427D
:1087E000FBD10CF003042CB1CAB21C4403F8012BDA
:1087F0009C42FBD130BD64461346002CF4D1F9E70E
:1088000003461446BFE71A46A446E0E70EB430B567
:108810009CB01FAC4FF4017254F8045BADF8142007
:1088200002900690F9F70CF8039007900A480B495C
:108830000A9100234FF6FF7C0E9313932A4623469A
:1088400002A90068ADF816C0019400F051F81CB000
:10885000BDE8304003B070474C0100208588000817
:1088600010B50C46B1F90E1001F06CFF002803DBC7
:10887000236D0344236510BDA38923F48053A38192
:1088800010BD00BF002070472DE9F0410C46B1F942
:108890000C101F46CB05054616460BD421F480511B
:1088A000A1813B46B4F90E1032462846BDE8F0419E
:1088B00001F0C0BBB4F90E100223002201F028FC25
:1088C000B4F90C10EAE700BF10B50C46B1F90E1070
:1088D00001F01EFCA389421C0EBF23F4805343F415
:1088E00080532065A38110BDB1F90E1001F0C8BB03
:1088F0002DE9F04FADF5317D8A46B1F90C1002AF8C
:10890000814688047B6209D4DAF8643041F400516E
:1089100023F40053AAF80C10CAF86430134613F875
:10892000012BFB637A64002A01F0C7800023C7F89B
:108930003890FB617B63BB613B623B639946824B32
:1089400013F8028018F0080840F08180252A61D1D0
:10895000F86B027845464446A2F12503411C552B8D
:1089600064D8DFE813F0560063006300630063001F
:10897000830563006300630063006300D200D200DC
:10898000D200D200D200D200D200D200D200D20057
:108990006300630063006300630063006300DD0045
:1089A000630013052505DD00DD00DD0063006300C5
:1089B00063006300A904630063001B056300630098
:1089C00063000D056300630063006300B20463008D
:1089D00063002F0563006300630063006300DD0034
:1089E000630015052705DD00DD00DD006405700569
:1089F000A90463003905450553051D05800563007D
:108A000063000F05A504780563006300B2046300EA
:108A1000A504F963DAF80430002B48DDDAF80030F9
:108A2000FA6B197812F8012C914235D07B6B43B167
:108A30007B6BD3F80080B8F1000F02D0404601F004
:108A400085FB386B07F52F77BD46BDE8F08FDAF868
:108A50000420BC6B0FE0DAF800303B491A788A5CDE
:108A6000110703F101030ED5DAF80420013ACAE92F
:108A7000003209F10109002AEDDC5146204603F0DD
:108A80008FFB0028E7D0FB6B13F8012BFB637A64A4
:108A9000002A7FF454AFC9E70133CAF80030DAF88E
:108AA0000430013B09F10109CAF80430EBE7B86B67
:108AB000514603F075FB0028B0D03B6B1BB1BAF8F0
:108AC0000C305A06B2D57B6B002B01F0CA807B6B51
:108AD000DE88002E00F08D877B6BD3F800800024A9
:108AE000A8F10405A14655F8043F186801F02EFBD3
:108AF00001342B68B442C3F80090F4D14FF0FF3337
:108B00003B63B8F1000F99D19BE715F08F0F8DD122
:108B100004EB840402EB4404303C427808461BE733
:108B2000F9630426DAF80430002B40F3DC836B068B
:108B300040F1E383731E032B01F2EA80DFE813F0B8
:108B400007025A01A6000600C52F0108B86B01F004
:108B5000D3FA0368BB60631EB3F5AE7F40F2BF85F6
:108B60006FF4AE72A3183B6040F25D14002307F56A
:108B7000AC72514645F4F0657A617B60FB601E463D
:108B80003B6193469A4608680278A2F12B0CBCF12F
:108B90004E0F50D8DFE81CF018034F0018034F00A9
:108BA0004F007D037400740074007400740074003E
:108BB0007400740074004F004F004F004F004F00CE
:108BC0004F004F001E037200720072007A0304030C
:108BD0004F004F00AA024F004F004F004F006203AA
:108BE0004F0044034F004F004F003D034F004F0024
:108BF0004F00290311034F004F004F004F004F005B
:108C00004F004F001E037200720072007A030403CB
:108C10004F004F00AA024F004F004F004F00620369
:108C20004F0044034F004F004F003D034F004F00E3
:108C30004F0029031103BB6893F800C0944514D179
:108C4000AB0512D525F42075C7F810A00BF8012B41
:108C5000013C4A68013A002A09F101094A6040F3DF
:108C60001D8401300860002C8DD1334656468A465B
:108C7000002E00F04C8225F4807548E22B05F4D5D7
:108C800016EB080FF1D125F4C075DFE7631EB3F5CD
:108C9000AE7F84BF6FF4AE7204EB020B07F5AC73CA
:108CA00098BF4FF0000B4FF000087B611E46C7F8DD
:108CB00028B05346D7F820B0CA4688BF40F25D14AA
:108CC000C14645F458659846D8F800201078A0F1C0
:108CD0002B034D2B63D8DFE813F038036200380311
:108CE00062006200D103FD01FD01FD01FD01FD01F6
:108CF000FD01FD013E033E0362006200620062006E
:108D00006200620062004E004E004E004E004E00B7
:108D10004E00620062006200620062006200620057
:108D20006200620062006200620062006200620033
:108D3000620062004603620062006200620062003C
:108D40006200620062004E004E004E004E004E0077
:108D50004E00620062006200620062006200620017
:108D600062006200620062006200620062006200F3
:108D7000620062004603BBF10A0F10DD25F438657E
:108D800006F8010BD8F80430013B002BC8F804307A
:108D900040F391830132C8F80020013C94D143464E
:108DA000E905C846C7F820B0D1469A4607D57B6981
:108DB0009E4200F2B9857B699E423FF437AE15F0C2
:108DC000100240F08A833B6A7969B86BFC693270A3
:108DD000A047AA0600F177832B0700F153856C07A3
:108DE00040F1C186D7F824B05BF8043BC7F824B043
:108DF00018806FE3002C08BF4FF0FF3415F0010618
:108E000000F0FB8315F01003BB6240F0A18529063A
:108E100040F13B86D7F824B05BF8046B002E3FF49A
:108E200005AE802001F08AF9804600283FF44BAE61
:108E30007A6B3060D58893889D4280F00D851068EC
:108E40007B6B40F825600135DD802023C7F824B016
:108E5000C7F810807B61DAF80030A14A1B78D35C38
:108E600013F0080358D19B4601F040F958453FF4F0
:108E700024AEDAE9003213F8011B013ACAE90032E4
:108E8000BB6907F5AC70032B00F80B1007F1500518
:108E90000BF1010B02D12B68042B04D00822002116
:108EA0002846FFF761FC07F5AC72B86B00955B468E
:108EB000414601F003FC421CB8613FF4FEAD0028BE
:108EC00040F0A985C8F8000001F002F9002840F040
:108ED000B686D944013CBB6A002B40F0728608F18B
:108EE0000408002E00F06D863B69A8EB03057B6942
:108EF000B3EBA50F40F2BA86D7F828B0DAF8043001
:108F0000002B40F36286DAF80030754A1B78D35C98
:108F10001D0701D4002CA7D1BB6A002B7FF4B3AD91
:108F2000C8F80030002E00F037813B697A69A8EB61
:108F300003018B1001339A4240F22E8130680431D4
:108F400001F016FC002800F02781306024E1002C9D
:108F500008BF4FF0FF34E80740F1DE8215F0100340
:108F60003B6140F032852906D7F824B040F1838573
:108F70005BF8043BFB60002B3FF458AD802001F010
:108F8000DDF8054600283FF49EADFB687A6B18605B
:108F9000B2F806809388984580F04A841068FB6890
:108FA0007A6B40F8283008F10103D3802023C7F8FA
:108FB00024B0BD607B60C7F82890A146BC6900263C
:108FC00007F5AC7BA84601F091F8B0423FF475ADCF
:108FD000DAE9003213F8011B0BF80610013A032CF2
:108FE000CAE9003206F1010607F1480502D12B68F3
:108FF000042B04D0082200212846FFF7B5FB5A466F
:10900000B86B00953346414601F058FB421C0446BC
:109010003FF453AD002840F0F383C8F80000B86176
:1090200007F150030822002118467B61FFF79CFBE3
:109030002C49B86BD1F8E010D7E90532B961D7F8FF
:1090400018C007F14001E047012800F052840022D7
:1090500007F158039B5C002B00F0A085BB6A032C32
:109060003344BB6200F0498409F1FF393B695BB9C5
:10907000FB6808F104083BB1BB68A8EB03057B68FB
:10908000B3EBA50F40F23F84DAF80430002B4FF029
:10909000000640F3BD83B9F1000F94D1D7F82890B2
:1090A000BC6145463B69002B7FF4EDAC2B60FB684F
:1090B000002B71D0BB687A68E91A8B1001339A4291
:1090C0006AD9FC680431206801F052FB002863D0A3
:1090D000206061E0044B25F4386533F91BB04FE69E
:1090E000C52F01087C050020A02F0108B8F1000F52
:1090F00040F0FF81BAF1000F40F0EC8205F4E06C23
:10910000BCF5E06F00F01B85334656468A46013BAE
:10911000012B40F2848508F1FF33062B40F2E382F5
:10912000EA0513D56B0500F1B3851BF8011C652911
:109130000BF1FF3309F1FF3402D0452940F01C83C5
:10914000B86B5246A1469B4602F0EAFF15F01002AA
:109150007FF499AC05F4C063B3F5806F8BF8002001
:1091600000F0EB83FB68002B40F09D8300227969BF
:10917000B86B02F009FDEE0702460B46C7E90A2369
:10918000D7F824B040F1E1825BF8043B0A4601467F
:10919000C3E90012C7F824B03B6B01333B6372E4B0
:1091A0002B0503D516EB080F3FF46DADB8F1020F98
:1091B0007FF45BAD4FF0030848E5B8F1070F7FF48B
:1091C00054AD4FF0080841E52B067FF54EAD25F074
:1091D00080053BE52B0503D516EB080F3FF453AD97
:1091E000012E7FF442AD022630E505F4186CBCF583
:1091F000807F7FF43AADBAF1010F7FF436AD4FF0C6
:10920000300C0BF801CB45F40065013C4FF0000A2F
:109210001CE5B8F1060F7FF428AD4FF0070815E5FF
:109220002B057FF522AD05F4A06CBCF5806F06D050
:109230006B057FF51AADBAF1000F3FF465AFAB05D2
:1092400005D43B69C7F804B0AAEB0303FB6025F41F
:10925000786545F4C0754FF0000AF7E4002E40F041
:109260004281BAF1000F05D105F4E06CBCF5E06F66
:1092700000F07484B8F1010F03D0B8F1040F7FF44B
:10928000F4AC08F101085FFA88F8DFE42B05CAD5D1
:10929000F6E4EB057FF5F4AC3B6825F080050AF1B8
:1092A000010A002B3FF4D4AC3B68013B3B60D0E4A7
:1092B0002A077FF4BBAB30E42E077FF4B7AB4278CC
:1092C00045F002050846FFF747BB45F400758E4B95
:1092D000FB6110233B62DAF80430F963002B4FF096
:1092E00003063FF724ACB86B514602F059FF002843
:1092F0007FF4E3AB6B063FF51DACDAF80020834941
:109300001378CB5C18077FF515ACD7F838B007E0B9
:10931000CAF800207D491378CB5C19077FF50AACA9
:10932000DAF80430013B002B09F10109CAF80430D6
:1093300002F10102ECDC5146584602F031FF0028F0
:109340007FF4BBABDAF80020E4E72B067FF527AD0E
:1093500025F0800514E56E4B33F91BB0BBF1080F07
:109360003FF70CAD1BE505F4C063B3F5007F7FF458
:1093700016AD25F4007545F4A0654FF0100BFFE421
:1093800045F00105F9630226FFF7CCBB45F0010566
:1093900045F04005F9630026FFF7C4BB45F0010521
:1093A000594BFB610823F9633B620326FFF7BABB05
:1093B00045F00105574BFB610A23F9633B62032625
:1093C000FFF7B0BB07F1580001F0DCFB45F04005AA
:1093D000F8630126FFF7A6BB2A077FF427AB427884
:1093E0006C2A00F0008345F001050846FFF7B4BA87
:1093F00015F08F037FF41AAB7A6B002A00F02183FB
:10940000427845F080050846FFF7A6BAEB0600F162
:10941000B0812E0740F14383D7F824B0F9635BF89D
:10942000043BC7F824B083F80090FFF72CBB2B0750
:109430007FF4FCAA4278682A00F0CF8245F0040548
:109440000846FFF789BA334BFB610023F9633B629F
:109450000326FFF767BB2C4BFB610A23F9633B62D2
:109460000326FFF75FBB45F4087530E72C437FF414
:10947000DDAA427810250846FFF76EBA2B057FF566
:109480007FACBBF1000F03D145F400754FF0080B22
:10949000690540F14F8125F4B06571E4B86BB9629C
:1094A00002F07EFEB96A00287FF4DFAB002C7FF467
:1094B0006AABFFF7DABBB86B414602F071FE0028D9
:1094C0003FF46BAC6BE4D7F824B05BF8043B186056
:1094D000C7F824B03B6B01333B637B69F61AB04499
:1094E000C144FFF7D0BA022E7FF4C4AE0326FFF7C3
:1094F000ADBBB8F1030F3FF4C4AEB8F1050F3FF4B4
:10950000C0AEFFF7B2BB00BF81BF0008C52F010886
:10951000A02F0108B5BC0008E80600F1238215F071
:109520008005D7F824B000F0A1825BF8045BBD622F
:10953000002D3FF47BAA202000F000FE0646002804
:109540003FF4C1AA7A6B28609388D5889D4280F049
:1095500041811068BB6A40F825307B6BC7F824B0A6
:109560000135DD802025DAF8002007F1580B13784B
:109570001BF80330002B3FF459AAB046C7F81490EB
:10958000D946AB463546BE6ADAF804000138CAF857
:109590000400501CCAF800004146107801F8010B85
:1095A00026B1A1EB0508D84580F007818846013C2B
:1095B0000BD0DAF80410002940F38A81DAF8002091
:1095C000117819F801100029DED1D7F81490464619
:1095D000A8465D46B6EB08083FF428AA002333707E
:1095E000BB6A23B108F101018D4200F2AE823B6BF0
:1095F0000133C1443B63FFF746BAE80600F16882D5
:1096000015F0800500F00082D7F824B05BF8046BF9
:10961000BE62002E3FF40AAA202000F08FFD05460E
:1096200000283FF450AA7A6B30609388D6889E4217
:1096300080F0AD801068BB6A40F826307B6BC7F8BD
:1096400024B00136DE804FF0200BDAF80030BE493E
:109650001A788A5C160700F1838122462E462C4632
:1096600019461546DAF804204B1C013ACAF80420C2
:10967000CAF80030A0460B7808F8013BBB6A23B15A
:10968000A8EB06045C4580F0E281013D0CD0DAF8DD
:109690000420002A444640F31382DAF80010AA4B53
:1096A0000A789A5C1007DDD5A8EB06018944454687
:1096B000013100232B70BB6A002B3FF46DAD8B454D
:1096C0007FF66AAD18681C4601F052F800287FF456
:1096D000FFAC61E5334656468A46FFF7CCBA002315
:1096E0003B60FFF743BAB8F1020F40F2E982B8F1EC
:1096F000030F3FF415ADA8F104085FFA88F86FEA8C
:1097000008045346BD62BD6BC2465C44B0461E466B
:109710001BF8011D3246284602F002FD5C45F7D1D8
:1097200033464646D0469A4609F1FF33BD6AA3EB5D
:109730000809F5E4BB6A25F4607513B1013BBB620F
:10974000013409F10109FFF71DBBAC0700F1A2804C
:10975000D7E90A235BF8044BF8F732F9002840F008
:10976000A782D7E90A01F7F7A1F9C7F824B020606A
:1097700012E5F963FFF787B9B86B524602F0D0FCE7
:10978000A9F102041BF8021CABF10203D8E44FF666
:10979000F67293423FF69BA908331FFA83F87B6B5E
:1097A0004FEA8801186800F0E3FF00283FF48FA912
:1097B0007B6BA3F8048018603DE74FEA4B0B28460B
:1097C000594600F0D5FF054600283FF47CA98044A7
:1097D0003060ECE64FF6F67293423FF678A9083314
:1097E0001FFA83F87B6B4FEA8801186800F0C0FF0E
:1097F00000283FF46CA97B6BA3F804801860A9E6ED
:10980000831C40F07682DAF80430002B3FF7DBABA4
:10981000B86B514602F0C4FC00283FF43CACD7F8CA
:109820002890BC614546002E3FF43CACFFF745B99B
:109830004FF6F67293423FF64AA908339EB27B6B0D
:10984000B100186800F094FF00283FF440A97B6B3A
:109850009E801860FFF7A3BB4FF6F67293423FF667
:1098600036A97A6B08339BB210687B62990000F0CE
:109870007FFF00283FF42BA97A6B7B6A93801060EE
:10988000FFF7DEBAD7F824B05BF8043BC7F824B082
:1098900018701FE6D7E90A125BF8043BC3E900120F
:1098A000C7F824B078E4786801460A23013183467A
:1098B000B86B02F0FFF9FB68C21A07F2AB239B45B5
:1098C00028BF07F2AA2B2149584601F0A5F94DE41B
:1098D000B86B514602F064FC00283FF46FAE464678
:1098E000A8464645D7F814905D467FF473AEFFF75F
:1098F000E4B897F84020FFF7ABBB2B68042B7FF44C
:10990000B3ABFFF7B3BBB868D9001E4600F030FF19
:10991000B86000283FF4D7A8FA68730000EB050888
:1099200010607B60FFF7B0BB16F8011CB86B5246A5
:10993000013E02F0F5FBFFF73EBA3B69B342A3EBF1
:109940000602BAD112E400BFC52F0108982F010802
:10995000002607F14403C7E904669846FFF77BBA7F
:109960000121A6E6DAF8003007F1580B1A781BF847
:109970000220002A3FF45AA80133CAF80030DAF86E
:109980000430012C03F1FF33CAF804301AD0BD6B48
:1099900010E0DAF800301A781BF8022001338AB19F
:1099A000CAF80030DAF804300136013BB442CAF894
:1099B000043007D0002BECDC5146284602F0F0FBC7
:1099C0000028E6D0B144FFF75EB80023C7E90133B1
:1099D000FB6007F14405FFF7EEBA827845F0080511
:1099E0000230FEF7B9BF827845F002050230FEF77B
:1099F000B3BFD3F800804FF0FF333B63B8F1000FE3
:109A00007FF41CA8FFF71DB87E6AAB4656F8045BCE
:109A1000C7E9096B19E6BB6902333FF46FAAD8F8AE
:109A2000000000F055FB002840F00981BB69032BC2
:109A3000D9447FF44FAA2B68042B7FF44BAAFFF77D
:109A40004ABA82B0CDE9023302AB7B63D8E44FEA75
:109A50004B0B3046594600F08BFE064600283FF47B
:109A600032A8BB6A00EB040818600EE65BF8046BD2
:109A7000C7E909B577E53B695BF8045B7B60C7E93B
:109A80000233C7F824B0FFF796BAD7E9096356F84E
:109A9000048B7E627B613B611E46FFF7DCB96C077D
:109AA00040F1A080D7F824B0F9635BF8043BC7F815
:109AB00024B0A3F80090FEF7E6BF3A63FEF7C1BFFB
:109AC000B86B514602F06CFB00283FF4E6ADEBE5C5
:109AD000DAF800308B491A788A5C11073FF572AFCB
:109AE0000133CAF80030DAF80430012C03F1FF33F7
:109AF000CAF8043000F0F980BD6B012614E0DAF8F2
:109B0000003080491A788A5C120703F101033FF59F
:109B100059AFCAF80030DAF804300136013BB442DC
:109B2000CAF804303FF44EAF002BE8DC514628461B
:109B300002F036FB0028E2D0B144FEF7A4BF25F4C2
:109B4000F0654FF00108FFF781B818681C4600F077
:109B50000FFE00283FF44BAD206048E525F4F0658A
:109B60000126FFF773B815F001027FF4ACACA9072A
:109B70007FF5A9AC644BF969B86B99423B6A796986
:109B800000F0AF8002F05CF90B46D7F824B05BF828
:109B9000041BC7F824B0C1E900039BE4D7F8289060
:109BA000BC614546002E3FF47DAABC6B013E524687
:109BB0001BF80610204602F0B3FA002EF6D1FFF78C
:109BC00071BA4FF0000BFFF799B9B86B514602F02C
:109BD000E7FA00283FF497A9BBF1000F7EF46DAFC0
:109BE000FFF79AB9E8070FD4AA070DD5D7F824B024
:109BF000F9635BF8043BC7F824B04FEAE972C3F895
:109C000000905A60FEF73FBFD7F824B0F9635BF8C5
:109C1000043BC3F80090C7F824B0FEF734BF7C695A
:109C2000D7F83890A3457EF601AF1BF8011D5246C8
:109C3000484602F075FAA345F7D1FEF7F7BEBBF12F
:109C4000000F3FF469A9BD6B5C46013C07F5AC739E
:109C50005246195D284602F063FA002CF5D1FFF751
:109C60005BB94FF0FF333B63FEF7EBBE3869D900B9
:109C700000F07EFD386100283EF425AF7B69D7F8FF
:109C800028B030605B0000EB05087B61FFF736B958
:109C90007C69D7F83890A3457EF6C8AE1BF8011D45
:109CA0005246484602F03CFAA345F7D1FEF7BEBE45
:109CB0001648C7F824B000F0ABFF2060FFF76CBA7D
:109CC0007B69D7F838909B457EF6B0AE1BF8011D36
:109CD0005246484602F024FA7B699B45F6D1FEF7CE
:109CE000A5BE02F01BFA0B464FE72646B144FEF72D
:109CF000CABED8F80030BB6101337FF491A9BA69BC
:109D0000FFF7A6B9C52F010881BF0008F42C010890
:109D1000012C38BF012415F0010300F0978015F0E5
:109D200010037B6140F0D9802A06D7F824B040F1B7
:109D3000DB805BF8043BBB62002B3EF477AE8020F7
:109D400000F0FCF9064600283EF4BDAEBB6A7A6B13
:109D50001860B2F8068093889845C0F0F5804FF6F9
:109D6000F67293423EF6B3AE08339DB27B6BA90008
:109D7000186800F0FDFC00283EF4A9AE7B6B9D80C6
:109D80001860BB6A40F828307B6BC7F824B008F134
:109D90000108A3F80680B3464FF02008002500F024
:109DA000A5F9A8423EF489AEDAE9003213F8011BA6
:109DB000013ACAE90032BA6907F5AC70032A415585
:109DC00005F1010307F1500502D12A68042A06D0E3
:109DD000082200212846BB61FEF7C6FCBB69B86BB0
:109DE000009507F5AC7231463B6100F067FC431CFF
:109DF000B8613EF462AE3B69002840F0B5807A69F4
:109E000002B932609944013C7B6943B9BB6A2BB10A
:109E1000A6EB0B05B8EBA50F40F2D8800436DAF8B4
:109E20000430002B4FF0000540F3A780002CB6D182
:109E3000BB6A2BB1A6EB0B01B8EBA10F00F2D580EA
:109E40007B69002B7EF41FAEFFF7A6B9EE0654D453
:109E50002D066AD57E6A56F8045B002D3EF4E6AD09
:109E6000204600F06BF9804600283EF42CAE7A6B59
:109E70002860B2F806B093889B4573D34FF6F6720C
:109E800093423EF624AE7A6B08339BB21068BB62F5
:109E9000990000F06DFC00283EF419AE7A6BBB6AA5
:109EA000938010607B6B40F82B500BF1010BA3F8F3
:109EB00006B04146B86BCDF800A02346012202F05F
:109EC0008DF98046002864D084426DD83B6B7E6259
:109ED0000133C1443B63FEF7D6BD4FF00008C346D3
:109EE000C7F82880464659E77B695BF8046BC7F8DA
:109EF00024B098469B46BB6250E71D46DAF8043012
:109F00009C4223DDDAF80020B86B1A44CAF800201E
:109F100051461D44E41A02F043F90028EED0002D0A
:109F20003EF4CBADA944FEF7AEBD7E6AB86B316896
:109F3000CDF800A02346012202F050F98046002807
:109F40003EF4BBAD0436C1E710681AE71B1BCAF824
:109F50000430DAF8003025441C44CAF80040A94413
:109F6000FEF791BD10689DE7BA69023224D1DAF894
:109F70000420002A1D463FF712AFB86B514602F08D
:109F80000FF900283FF452AF002D3FF451AFFEF718
:109F900094BD3B6B002B3EF49AADBAF80C305B06D7
:109FA0007EF546ADFEF793BD2868414600F0E0FB24
:109FB00000288BD0286089E79944BB69032B7FF484
:109FC00022AF2B68042B7FF41EAF1DE758464FEAE3
:109FD000C80100F0CDFB834600283EF474ADBB6A97
:109FE000461918604FEA480818E7BC6A206800F074
:109FF000BFFB00283FF424AF206021E770B50B4E73
:10A000009AB004466FF00045CDE90445134600942C
:10A010000A463068064C02956946039402F038F906
:10A02000009B00221A701AB070BD00BF4C010020C6
:10A030000802FFFF38B50C46084D844611462046FD
:10A040001A4600232B606446F9F77EF9431C00D0C2
:10A0500038BD2B68002BFBD0236038BDA430002016
:10A06000024B13B1024800F005B870470000000031
:10A07000A5A00008002301461A46184603F070BE4A
:10A0800038B5074D0022044608462A60F9F76AF9F8
:10A09000431C00D038BD2B68002BFBD0236038BD9B
:10A0A000A430002038B5084B084D5B1B9C1007D02E
:10A0B000043B1D44013C55F804399847002CF9D164
:10A0C000BDE8384008F0D8BD3C36010838360108F4
:10A0D000002100F001B800BFFF289DBF024BC05C0B
:10A0E00000F0080000207047C52F0108014B93F8CD
:10A0F000280170477C050020004870476C0600204E
:10A10000704700BF704700BF704700BF704700BF77
:10A1100038B50C46084D8446114620461A460023A1
:10A120002B606446F9F728F9431C00D038BD2B6832
:10A13000002BFBD0236038BDA4300020024B014629
:10A14000186800F00BB800BF4C010020024B01461C
:10A15000186804F0E5BF00BF4C0100202DE9F04F66
:10A1600001F10B06162E83B0044624D8102900F204
:10A17000BA8000F0DBFA102618220220B54F3A44CC
:10A18000A2F1080153688B4200F0BA805A68D9687E
:10A1900022F003021A449D68E9608D60516841F025
:10A1A00001012046516003F1080500F0C5FA284678
:10A1B00003B0BDE8F08F36F0070600F19480B1429D
:10A1C00000F2918000F0B2FAB6F5FC7FC0F09A81FF
:10A1D000730A00F08F80042B00F26F81B30903F142
:10A1E000390003F1380CC3009A4F3B44A3F1080532
:10A1F0005B689D4206D10CE0002980F22781DB6874
:10A200009D4206D05A6822F00302911B0F29F3DD0C
:10A2100060463D69DFF840C265457CD06A6822F03F
:10A220000302931B0F2B00F37B81002BC7E904CCA7
:10A2300080F26C81B2F5007F80F01A81D3087968D2
:10A2400001334FEA521E012202FA0EF20A4357F876
:10A2500033E0C5F808E007EBC3010839E9607A602C
:10A2600047F83350CEF80C508310012199409142A9
:10A2700057D8114206D120F003004900114200F1E5
:10A280000400FAD007EBC0094D468646D5F80C808D
:10A29000454508D11DE1002B80F22481D8F80C80BF
:10A2A000454500F01681D8F8042022F00302931BE4
:10A2B0000F2BF0DD2046D8E9025408EB060146F0EA
:10A2C0000106C8F80460EC60A56043F00104C7E92A
:10A2D0000411C1E902CC4C6048F8023000F02CFABD
:10A2E00008F1080502E00C2323600025284603B08E
:10A2F000BDE8F08F4FF4007340204FF03F0C73E740
:10A30000D3689A4208BF02307FF440AF3D69DFF85E
:10A3100048C1654582D17A688310012199409142F4
:10A32000A7D9BD686B6823F003094E4503D8A9EB94
:10A3300006030F2B7ADCDFF824B1494BDBF8002051
:10A340001B680132334405EB090A00F0338103F541
:10A3500080530F3323F47F6828F00F0841462046CE
:10A3600000F0FEFB411C024600F0F380824500F243
:10A37000EE803C4B196841441960084600F04E815C
:10A38000DBF80010019301311BBFA2EB0A0A504415
:10A39000CBF80020186012F0070B00F01781CBF10A
:10A3A00008010A44CBF5805190440831A1EB080123
:10A3B000C1F30B0A51462046009200F0D1FB421C2B
:10A3C000DDE9002300F04F81801A00EB0A081968CC
:10A3D000BA6048F001005144BD425060196000F07D
:10A3E0002981B9F10F0F40F227816868A9F10C0C9F
:10A3F0002CF0070C00F0010040EA0C0068604FF000
:10A40000050E05EB0C00BCF10F0FC0E901EE00F2E8
:10A41000328150681546144B1A688A4238BF196059
:10A42000124B1A688A4238BF196094E0AA1943F0A7
:10A43000010346F001066E602046BA60536000F0EA
:10A440007BF90835284603B0BDE8F08FD9681A4477
:10A45000A1E600BFE8060020F0060020F00A002078
:10A46000A030002070300020983000209C30002068
:10A47000B2F5206F4FEA522363D3142B00F2B7805A
:10A4800003F15C01C9005B3307EB010E7958AEF1B3
:10A49000080E8E4500F091804B6823F00303934231
:10A4A00002D989688E45F7D1D1F80CE07A68C5E900
:10A4B000021ECEF80850CD60D6E6142B59D9542B85
:10A4C00000F29D80330B03F16F0003F16E0CC300AB
:10A4D0008AE60EF1010E1EF0030F05F108057FF468
:10A4E000D5AE51E0424445465368D8F80C1043F0CD
:10A4F0000103536055F8083F2046D9608B6000F097
:10A500001BF9F3E6F00806F1080237E62A44204674
:10A51000536843F001035360083500F00DF9E5E698
:10A52000A919204646F0010643F001046E60C7E910
:10A530000411C1E902CC4C60AB5000F0FDF80835C5
:10A54000D4E6930903F13901C90038339CE7BD42D1
:10A550005FD0BD68686820F003084645A8EB060395
:10A5600002D80F2B3FF762AF204600F0E5F8002538
:10A57000BCE603F15C0003F15B0CC30034E659F860
:10A5800008394B4540F0968010F0030F00F1FF3082
:10A59000F5D17B6823EA01037B60490099423FF6CD
:10A5A000C0AE19B9BDE649000EF1040E1942FAD049
:10A5B000704667E603F11008D0E69A104FF00108E4
:10A5C0007B6808FA02F21A437A6070E702EB08012E
:10A5D0004942C1F30B0A51462046009200F0C0FAEE
:10A5E000431CDDE900237FF4EFAEDA46EFE6542B9F
:10A5F00025D8130B03F16F01C9006E3344E7B3F59F
:10A60000AA7F25D8F30B03F1780003F1770CC30080
:10A61000EAE5294B186840441860B1E6CAF30B0C10
:10A62000BCF1000F7FF4ACAEBD68C84448F0010037
:10A630006860F0E61546EEE60123536094E7B3F553
:10A64000AA7F23D8D30B03F17801C90077331BE726
:10A6500040F25452934223D8B30C03F17D0003F12E
:10A660007C0CC300C0E5ABF1080BD844A8EB020892
:10A670004FF0000AABE605F108012046009304F014
:10A680004FFDBD68009B68681968C4E640F25451EC
:10A690008B420BD8930C03F17D01C9007C33F3E6A8
:10A6A0004FF47E737F204FF07E0C9DE54FF47E715A
:10A6B0007E23E9E67B6870E77030002070B582B0D9
:10A6C0000546069C42B10C4E0094D6F8E460B047B3
:10A6D000431C0BD002B070BD074B0094D3F8E4606C
:10A6E00011460123054AB047431CF3D100228A23B7
:10A6F00022602B6002B070BD7C050020F42C0108A4
:10A7000082B049B15AB16BB113780B601278101E48
:10A7100018BF012002B0704701A9002AF3D11046EA
:10A7200002B070476FF00100F4E700BF0148FFF787
:10A73000EBBC00BF643000200148FFF7E7BC00BF5E
:10A740006430002038B50C46084D8446114620463A
:10A750001A4600232B606446F8F7E6FD431C00D040
:10A7600038BD2B68002BFBD0236038BDA4300020FF
:10A7700010B4044C03460A46206810BC194600F089
:10A7800003B800BF4C0100202DE9F84F17460029FF
:10A7900000F0988007F10B0580460C46FFF7C6FFD6
:10A7A000162D5DD810252A46AF425ED854F8041CF9
:10A7B00021F003069642A4F1080962DABC4BD3F8F3
:10A7C00008C009EB0600844500F09780D0F804C06B
:10A7D0002CF0010303445B68DB0768D42CF0030C06
:10A7E00006EB0C03934247DACB0710D454F8083C2D
:10A7F000A9EB030ADAF8043023F003018C44B444D3
:10A80000944580F211817318934280F2E8803946B2
:10A810004046FFF7A3FC0746E0B154F8043C23F0A0
:10A8200001034B44A0F10802934200F0D280321F92
:10A83000242A00F2F580132A00F2AC800346224657
:10A84000116819605168596092689A6021464046C3
:10A8500004F066FC4046FFF76FFF3846BDE8F88F0E
:10A8600025F00705002D2A469EDA0C23C8F8003093
:10A8700000273846BDE8F88F1E46D0E90223D36092
:10A880009A60731B0F2B22D8D9F8043003F0010310
:10A8900033434E44C9F80430736843F001037360D6
:10A8A00040462746FFF748FF3846BDE8F88FC907FE
:10A8B000ADD454F8083CA9EB030ADAF8041021F0EF
:10A8C0000301A0E7BDE8F84F1146FFF747BCD9F8F0
:10A8D000041001F001012943C9F8041009EB050136
:10A8E0004E4443F001034B60736843F001030831A9
:10A8F0007360404604F014FCD2E7DCF8040020F05A
:10A90000030B06EB0B0C05F1100084454DDAC9076B
:10A910003FF57DAF54F8081CA9EB010ADAF80410E2
:10A9200021F003018B44B34458453FF76CAF5746C1
:10A93000DAF80C1057F8080F321F242AC16088601B
:10A9400000F2DB80132A40F2D6802168CAF8081092
:10A950006168CAF80C101B2A00F2DF8008340AF183
:10A9600010022168116061685160A16891600AEB72
:10A970000501ABEB050242F0010299604A60DAF88A
:10A98000043003F001031D434046CAF80450FFF7AA
:10A99000D3FE6EE723680360636843601B2A68D8B0
:10A9A00004F1080200F108034AE709EB05029A6086
:10A9B000ACEB050343F00103536054F8043C03F08F
:10A9C00001031D43404644F8045CFFF7B5FE2746EB
:10A9D0004FE750F8043C23F003031E4451E7574669
:10A9E000DAF80C1057F8080F321F242AC16088606B
:10A9F0004CD8132A48D92168CAF808106168CAF8E7
:10AA00000C101B2A56D808340AF110021E4623687F
:10AA1000136063685360A3689360D1463C4630E797
:10AA2000214605F0C7F811E7D0E902135746CB607D
:10AA3000996057F8081FDAF80C30CB60321F242ACF
:10AA400099602DD8132A29D92368CAF80830636879
:10AA5000CAF80C301B2A42D808340AF110032268C5
:10AA60001A6062685A60A2689A606646D1463C469F
:10AA700007E7A3688360E368C360242A26D004F153
:10AA8000100200F11003DBE63A46BFE721463846E4
:10AA90001E46D14605F08EF83C46F2E63B46DEE720
:10AAA000214638466646D14605F084F83C46E8E63D
:10AAB000E8060020A168CAF81010E168CAF814106E
:10AAC000242A20D010340AF118029FE72369036179
:10AAD0006169416104F1180200F11803B0E6A3684E
:10AAE000CAF81030E368CAF81430242A21D0103490
:10AAF0000AF11803B3E73A4633E72146384605F032
:10AB000059F8164B33E72269CAF818206269CAF867
:10AB10001C2018340AF1200278E7A168CAF8101046
:10AB2000E168CAF81410242A0DD010340AF1180272
:10AB300017E72369CAF818306369CAF81C3018345B
:10AB40000AF120038BE72269CAF818206269CAF863
:10AB50001C2018340AF1200203E700BFE806002099
:10AB600038B5074D0022044608462A60F8F706FC6F
:10AB7000431C00D038BD2B68002BFBD0236038BDB0
:10AB8000A4300020F0B50D785E2D044621D00022BF
:10AB900001F1010C9646631E04F1FF0103F8012F39
:10ABA0008B42FBD195B18EF00102E64362550CF168
:10ABB000010E1EF8013C2D2B704610D05D2B04D0E9
:10ABC00013B11D46F446F1E76046F0BD0CF1FF30CD
:10ABD000F0BD01224D7801F1020C9646DBE79CF8AE
:10ABE00001005D28EDD08542EBDC6F1C0CF1020CFE
:10ABF000E31903F8012BF1188842FADC431B013BEF
:10AC00008542A8BF00230EF1020EDD19D1E700BF77
:10AC1000004870470000C07F0EB410B59DB06FF0C3
:10AC200000411FABCDE906010491094953F8042BFB
:10AC30000290084C0868019302A9059401F028FBD2
:10AC4000029B00221A701DB0BDE8104003B070478F
:10AC50004C0100200802FFFF2DE9F04F1C46984BE5
:10AC60001B68A1B0002581461846884608921C95AD
:10AC70000493F6F7E5FD002183460020CDE90601A7
:10AC8000CDF86C804246174612F8013B2D2B2FD889
:10AC9000DFE813F0A1002E002E002E002E002E0063
:10ACA0002E002E002E00AF00AF00AF00AF00AF00AF
:10ACB0002E002E002E002E002E002E002E002E0024
:10ACC0002E002E002E002E002E002E002E002E0014
:10ACD0002E002E00AF002E002E002E002E002E0083
:10ACE0002E002E002E002E002E0006042E00FC0347
:10ACF00000220A92302B7ED0002209922F2B1C4674
:10AD000040F233854FF0000A38465646554612E069
:10AD10000130082D1B90C8BF0AEB8A0A0478C6BF11
:10AD200003EB4A03A3F1300AA2F130062F2C05F100
:10AD30000105234670DD06EB8602392C03EB420247
:10AD4000E6DD04995A4605F009FD0346002835D191
:10AD50001B9A11465A441B9211F80B40002D40F0EB
:10AD6000AC85302C40F06485C2F1010153180132EA
:10AD70001B921478302CF9D0A4F13102082A00F289
:10AD80003883A4F1300E1B9C03F1010B0023012535
:10AD90002746049306EB86060EEB46060023621C4C
:10ADA0001B926478A4F13001092900F2ED8201338D
:10ADB0008E46002940F0B8841B9CF0E70023652CE8
:10ADC00004959B469E4601D0452C32D1002D7CD166
:10ADD000099A1A4378D1089B13B1089BC3F80080E5
:10ADE0004FF0000BCDF810B00499584621B0BDE8E3
:10ADF000F08F1B9247E77B7803F0DF03582B00F0BE
:10AE0000748401371B973B78302BFAD0002B00F06D
:10AE1000CC800122099271E704995A4605F09EFC04
:10AE20000346002800F0D68004954FF0000B5B46E7
:10AE3000DE4600220B92002D00F09380049A134608
:10AE4000002A08BF2B4630460493F5F71BFB0B4640
:10AE50000246CDE906230B9B102DA3EB0B032C46DA
:10AE6000A8BF1024092D0E9313DD164B03EBC4036A
:10AE700053E91223F5F780FBCDE906015046F5F7BB
:10AE800001FB02460B46DDE90601F5F7BFF9CDE906
:10AE900006010F2D00F3A7800E9B002B00F01884F5
:10AEA0000E9B40F39283162B40F3F9840E9AC5F162
:10AEB0002503934280F20C850E9B2C1B1C4498E0CA
:10AEC000C8330108803401080025DDF86C8008F1E2
:10AED00001021B9298F801402B2C00F087822D2C48
:10AEE00000F0218200220E92A4F13002092A00F221
:10AEF0001582302C05D11B9A01321B921478302C0C
:10AF0000FAD0A4F13102082A93D81B990B914A1C5C
:10AF10001B92A4F130004C782F2C09DC00F034BCDB
:10AF200001321B929CF801402F2CA1F1300006DD6C
:10AF300000EB8001392C944604EB4101F0DD0B99C4
:10AF4000521A082A40F3208444F61F620B920E9A8C
:10AF5000002A3FF470AF0B9A52420B92002D7FF4FF
:10AF60006DAF099A134320D1BEF1000F7FF433AFC8
:10AF7000692C00F03B8400F34183492C00F03684B7
:10AF80004E2C7FF428AFAC491BA804F023FD002809
:10AF90003FF421AF1B9B1B78282B00F06D85A74841
:10AFA00005F0D6FB8346049103E04FF0000BCDF88B
:10AFB00010B0089A0AB11B9B13600A9B002B3FF448
:10AFC00013AF049901F1004304930499584621B04A
:10AFD000BDE8F08F1B9A049502EB0B011B9112F850
:10AFE0000B409B46DEE60E9B2C1B1C44002C40F3C2
:10AFF0000A8314F00F000AD0914901EBC001DDE98A
:10B000000623D1E90001F5F7B7FACDE9060134F0DE
:10B010000F0340F08B8200230993049A00962B467D
:10B020003946484604F0C2FE1390002800F05583CC
:10B030000B9BABEB03000E9B002BB4BF0246002220
:10B040000F9223EAE3730022934612939046139CD7
:10B050004846616804F02AFE0746002800F0418156
:10B0600022690232920004F10C010C30F6F7C4F9A7
:10B07000DDE9060104910B461EA901911DA90B9063
:10B0800002460091484605F03DFA1C90002800F069
:10B0900018810121484604F031FF8046002800F065
:10B0A00020811D9B002BC0F20F810F9A129D9E18CC
:10B0B000099A1E9C9B1A2344624A013B9342C4F1A5
:10B0C000360480F2AE80D21A1F2AA4EB020400F3E9
:10B0D0001D814FF0010A00230AFA02FA0C93099B22
:10B0E00025443444A6421D443346A8BF2346AB4200
:10B0F000A8BF2B46002B02DDE41AED1AF61A0F9BAF
:10B10000002B00F3BE80002C00F3D2800E9B002B9E
:10B1100000F3DE80002D00F3EF80002E08DD4146B5
:10B120003246484605F026F88046002800F0D980CF
:10B130001C993A46484605F0B5F88346002800F0C9
:10B14000D0800026C368C6604146109305F08AF897
:10B15000B042C0F2638400F0D2834146584605F005
:10B1600033FA00224FF0804304460D46F5F780FC89
:10B1700000286FD0109B002B00F0E180079B1193FB
:10B18000314B314C0022CDE90C2335462F4E119A1C
:10B190002F4B02EA060A9A4500F0FC80099B93B106
:10B1A000BAF1D46F0FD822A3D3E900232846214651
:10B1B000F5F75EFC002840F087810D9B03F1D66314
:10B1C000A3EB0A030D93049E0B98DDE90C23314693
:10B1D000CDE9042305F00CF902460B46DDE9040134
:10B1E000F5F7CAF933460B9AF5F710F8CDE90601E1
:10B1F0000E46099B23B9154B33409A4500F0028156
:10B200001C99484604F078FD3946484604F074FD20
:10B210004146484604F070FD5946484604F06CFD2E
:10B2200015E700230C934FF0010A58E7AFF30080B5
:10B230000000C0FFFFFFDF41E4300108F42C0108EB
:10B240008034010802FCFFFF0000F03F0000F07FA7
:10B250000000E07FAE4B204629460022F5F78CF92E
:10B26000109B024605460C46002B64D101F10043B9
:10B2700014901593079B1193DDE91423CDE90C235A
:10B2800084E741461A46484604F014FF804640B31E
:10B2900001461C9A484604F05FFE10B310901C99BA
:10B2A000484604F029FD109B1C93002C7FF72EAF1D
:10B2B0001C992246484604F05DFF1C9000287FF44C
:10B2C00025AFBA465E460FE0129A0F9ED51AEFE6FA
:10B2D0003946129A484604F0EDFE074600287FF4EE
:10B2E00019AFBA465E461C982223C9F80030894B34
:10B2F00004934FF0000BB4E039462A46484604F068
:10B3000039FF074600287FF408AFEAE7824A4FF08A
:10B31000010AD31A0AFA03F30C93E0E60022CDF8EF
:10B320006C800B9287E501220E9208F102021B92BB
:10B3300098F80240D8E50B46CDE914239AE7DDE9F9
:10B340000612002940F0AF80C2F313031192002BC4
:10B3500040F0AF80714B002220462946F5F77EFB76
:10B36000002840F0AE826A4B204629460022F5F7BD
:10B3700003F901F1004305460C4618901993DDE9E5
:10B380001823CDE90C2301E7652C4FF0010E3FF4A3
:10B390009CAD19E5A2F154730793DDE90623DDE9BD
:10B3A0000C01CDE9060110461946CDE90C2305F044
:10B3B0001FF802460B46DDE90601F5F7DDF8DDE989
:10B3C0000C23F4F723FF564A0E409642CDE90601BE
:10B3D00076D9049A534B9A4202D10B9B013380D009
:10B3E000504A4FF0FF33CDE9063209E700220E92B2
:10B3F0009BE7652C00F0FB80452C00F0F8804FF0B7
:10B40000010EAEE528462146F6F738FBF5F786F83B
:10B410000B46024621462846F4F7F6FE109C069D90
:10B42000C6F3130644EA050C5CEA060304460D461F
:10B4300000F0C28032A3D3E90023F5F70FFB48B92F
:10B4400031A3D3E9002320462946F5F725FB002840
:10B450003FF4D6AEDDE906341C9804945E46BA4645
:10B460009B460146484604F047FC5146484604F0D6
:10B4700043FC4146484604F03FFC1399484604F01B
:10B480003BFC3146484604F037FC92E501230A9321
:10B490007A1C1B927B78002B3FF49DAC174629E465
:10B4A00000230A93F4E7DDE90612012900F0748114
:10B4B00011921D4B194C0022CDE90C23002565E6A5
:10B4C00001F15476079694E621462846F6F7B6FA37
:10B4D000012838BF0120F4F7D5FF109B024605462E
:10B4E0000C46002B40F0698101F100431690179340
:10B4F000DDE91623CDE90C235FE600BFAFF3008042
:10B500009535A094FFFFDF3F35E5AF350000E03F04
:10B510000000E03F0000F07FE2FBFFFF0000F03F93
:10B52000FFFF9F7CFFFFEF7F0000F0BFB3F59A7F26
:10B5300000F3D380102B4FEA2314A54B40F3C682AF
:10B54000DDE906019846099300239A4614F0010F9D
:10B550000AF1010A4FEA640404D0D8E90023F5F7A0
:10B560000BF80123012C08F10808EFD10BB1CDE94C
:10B570000601099B03EBCA01079BA3F154730793D0
:10B58000DDE90623D1E90001F4F7F6FF914BCDE99F
:10B5900006010B400A4690498B4200F29E80A1F5BD
:10B5A00080118B4240F21C828C494FF0FF33CDE971
:10B5B00006310023099330E583A3D3E90023F5F78F
:10B5C0004DFA00283FF41CAE44E71633FFF60BADEE
:10B5D0000B9BABEB0302824B03EBC203DDE90601DD
:10B5E000D3E90023F5F7F2F883460491E1E4002261
:10B5F000049293464FF0010EFFF7EABB6E2C3FF426
:10B60000C2ACFFF7E8BB3FF406AD644214F00F0292
:10B610000AD0734B03EBC203DDE90601D3E9002333
:10B62000F5F7D4F8CDE9060124113FF4F4AC1F2C52
:10B6300035DC14F01003DDE9060118BF6A23DFF8DA
:10B64000A48109930023E20704D5D8E90023F4F785
:10B6500093FF0123641008F10808F4D10BB1CDE980
:10B660000601099B93B1DDE90601C1F30A52C2F15B
:10B670006B03002B0ADD1F2B40F350820020342B7C
:10B68000069040F356824FF05C730793DDE90601A4
:10B6900000220023F5F7D8F900283FF4BEAC22239E
:10B6A0004FF0000BC9F80030CDF810B081E41E9BBC
:10B6B00006931D9B03F233421F9B23F4801343EA3E
:10B6C00002530793200742BF079B43F000430793B1
:10B6D000DDE906349B4604946BE43E4A049222233F
:10B6E000C9F800304FF0000B63E40A9B01931CABD8
:10B6F000029400933C4A1DAB1BA9484603F08CFE04
:10B7000010F0070504463FF450AC062D40F093803E
:10B71000089B0137002B3FF463AB4FF0000B1F6019
:10B72000CDF810B0FFF760BB6A1C012B1B9C9B443B
:10B73000104615D02B4403F1FF3C03E0460094452E
:10B740000DD001322B46082B154606EB8600F5D9A5
:10B75000102ADCBF0AEB8A0A4FEA4A0AEFE7981C74
:10B76000082D5BDC0546FFF715BB04995A463846A1
:10B7700004F0F4FF002800F0888000231D460493A5
:10B780009A461E46FFF751BB44F61F629042A8BF7F
:10B7900010460B90FFF7DBBBDDE906341194002C5B
:10B7A0007FF487AEBA465E4622234FF0000B1C980A
:10B7B000C9F80030CDF810B053E60B46CDE916239A
:10B7C00096E600BFAFF300809535A094FFFFCF3F12
:10B7D000583401080000F07F0000A07CFFFFEF7FDD
:10B7E0008034010810310108E8300108AD491BA878
:10B7F00004F0F0F800283FF4EEAA1B9BAA49013B95
:10B800001BA81B9304F0E6F810B91B9B01331B9394
:10B81000A64B04934FF0000BFFF7CBBB1028DCBF07
:10B820000AEB8A0A01EB4A0A05460023FFF7B7BA7A
:10B830000023FFF7A1BA1C9A3AB135211EA804F0E3
:10B84000F1FE1C99484604F057FA013D042D3FF6DD
:10B8500039AF01A353F825F0AFB6000881B800084E
:10B860007BB800086DB80008AFB600084FF0FF3392
:10B870006FF00045CDE9063524E78C4B079321E7AF
:10B880001E9B06931F9B07931CE71B9A13465A4463
:10B890001B9213F80B4006468246FFF762BA0E98D9
:10B8A000834901EBC001DDE90623D1E90001F4F78A
:10B8B00063FE83460491FFF77CBB04958346FFF744
:10B8C00071BA7C4B7C4C109D0022CDE9182356E5C3
:10B8D000774CC5F10F0504EBC501DDE90623D1E97D
:10B8E0000001F4F749FE0E9B5D1B04EBC504D4E98F
:10B8F0000023F4F741FE83460491FFF75ABB109BE7
:10B900005E46D446BA46DDE90BB7002B6FD0DDE9C1
:10B9100006456A4BC5F3130199422A463CD0002FD5
:10B9200000F0A380DDE906231F421C4621D0109BB6
:10B9300004995846002B00F0CD8004F059FD099D74
:10B9400002460B467DB1C4F30A54C4F16B04002CCB
:10B9500009DD240504F17F53002203F54013F4F7B9
:10B960000BFE02460B4604995846F4F74FFC8346FB
:10B970000491099B73B10499514B58460022F4F786
:10B98000FBFD03460B4308BF22238346049108BFF7
:10B99000C9F800301C9864E5099B0699002B00F05B
:10B9A000C580424B2B40B3F1D46F00F2BF801B0D1A
:10B9B000C3F16B034FF0FF3000FA03F39942AED1AD
:10B9C000404B9A4200F0D880384B134003F5801367
:10B9D000079300230693DDE906349B460494C8E7E9
:10B9E00002F15473079300230993FFF716BBDDE9B7
:10B9F0000612C2F313030B43144690D1099B002B8C
:10BA000040F0AF80294B2340A3F580136FEA135316
:10BA10006FEA035307934FF0FF33DBE7DDE90612CC
:10BA2000109B0B4358465E46BA46DDF82CB0A0D1B9
:10BA3000C2F313031446002B9BD122F000431B0DCD
:10BA40001B05B3F1D66F94D9436913B90369012B70
:10BA50008FDD31460122484604F08CFB4146064604
:10BA600004F000FC002884DDC8E7DDE906341CEAA8
:10BA7000030F3FF47EAF5AE713491BA81EAA03F039
:10BA8000C3FF05287FF48BAA1F9B43F0FF4343F4B9
:10BA9000E00307931E9B0693DDE906349B4604945E
:10BAA000FFF787BAD8300108DC3001080000F07FCA
:10BAB000803401080000E0BF0000E03FFFFF0F00FE
:10BAC00000005039FFFFEF7FFC30010809934FF071
:10BAD000000A4EE504F08CFC099D02460B4695B326
:10BAE000C4F30A54C4F16B04002C09DD240504F1ED
:10BAF0007F53109A03F54013F4F73EFD02460B46C0
:10BB000004995846F4F780FB0022002383460491F1
:10BB1000F4F79AFF00283FF42EAF45E64FF0FF32CE
:10BB200002FA03F3069A1A400692AFE54FF0FF338C
:10BB300044E74FF0FF33C2F14B0203FA02F202EA8C
:10BB400001030793A2E504995846F4F75DFB002230
:10BB5000002383460491F4F777FF00283FF41AAFDF
:10BB600022E6084B2340B3F1D66F3FF74DAFB3F158
:10BB70005C7F3FF700AF17E601317FF425AFFFF799
:10BB8000B2BB00BF0000F07F014BFFF765B800BFFC
:10BB90007C0500202DE9F04F814645488E467546CC
:10BBA0001EF801CB10F80C4014F00804F7D1BCF1DA
:10BBB0002D0FE34654D0BCF12B0F08BF9EF800B008
:10BBC0006FF0004808BF05F1020E1BB1102B4FD0DB
:10BBD0001F4604E0BBF1300F55D00A231F46002555
:10BBE000B8FBF7F6284607FB168A07E0864215D30E
:10BBF00029D007FB00C001251EF801BBABF1300CBA
:10BC0000BCF1090F06D9ABF1410CBCF1190F08D8F2
:10BC1000ABF1370C63450DDD002DE7DA4FF0FF3552
:10BC2000EAE7ABF1610CBCF1190F03D8ABF1570C8B
:10BC30006345F1DC002D0BDB04B140420AB195BB3A
:10BC40001160BDE8F08FE245D3DA4FF0FF35D3E75E
:10BC50002223C9F800301AB30EF1FF314046EFE756
:10BC60009EF800B04FF0004805F1020E0124ACE749
:10BC7000BBF1300FACD19EF8000000F0DF00582877
:10BC800007D01F46ABE79EF8003003F0DF03582BC8
:10BC90000BD110279EF801B03B460EF1020E9EE735
:10BCA0004046BDE8F08F8046D6E708231F4696E75A
:10BCB000C52F0108012B03D0242B01D8FFF76ABF41
:10BCC00010B5FCF727FD16230360002010BD00BF50
:10BCD0002DE9F04F85B01F46584B03908A460092DD
:10BCE0000D462A4615F8014B1E5D16F00806F8D1E0
:10BCF0002D2C76D02B2C05BF2C7802960296951C05
:10BD00004FF0FF366FF0004B2FB1102F70D0B846B8
:10BD10004FEAE77905E0302C75D04FF00A08B946B4
:10BD2000474642464B4630465946F5F7E3F900236D
:10BD3000019284460A461846194611E08A4208BF15
:10BD400084453ED000FB09F308FB0131A0FB08034A
:10BD500019441EEB000041EBEE71012315F8014B75
:10BD6000A4F1300EBEF1090F06D9A4F1410EBEF1C7
:10BD7000190F0CD8A4F1370E774511DD5C1CEDD0FE
:10BD8000844572EB0103D9D24FF0FF33E6E7A4F10B
:10BD9000610EBEF1190F03D8A4F1570E7745EDDC03
:10BDA0005A1C14D0029A12B1404261EB4101009A30
:10BDB00022B1002B39D1009BC3F800A005B0BDE82B
:10BDC000F08F019B7345BDDA4FF0FF33C6E7039A4E
:10BDD00022231360009B1BB305F1FF3A30465946FE
:10BDE000E9E701232C780293951C4FF0004B8BE779
:10BDF000302C04D12B7803F0DF03582B08D0B84641
:10BE00004FF000098DE72B7803F0DF03582B0FD19B
:10BE10004FF010086C784FF000090235474680E774
:10BE20003046594605B0BDE8F08F06468B46D3E74D
:10BE30004FF00808B946474673E700BFC52F010811
:10BE4000FFF746BF2DE9F04707464B480E463546FB
:10BE500016F801CB10F80C4014F00804F7D1BCF12F
:10BE60002D0FE64658D0BCF12B0F04BF96F800E02A
:10BE7000AE1C5BB1102B54D04FF0FF38B8FBF3F879
:10BE800003FB08FA6FEA0A0A994608E0BEF1300F90
:10BE90005AD00A23DFF8E4804FF0050A99460025BE
:10BEA000284607E0404515D829D009FB00C00125E8
:10BEB00016F801EBAEF1300CBCF1090F06D9AEF16A
:10BEC000410CBCF1190F08D8AEF1370C63450DDDFC
:10BED000002DE7DA4FF0FF35EAE7AEF1610CBCF177
:10BEE000190F03D8AEF1570C6345F1DC002D0BDBC5
:10BEF00004B140420AB16DB91160BDE8F087D44584
:10BF0000D3DD4FF0FF35D3E722233B604FF0FF3006
:10BF1000002AF2D0711EEFE796F800E00124AE1C73
:10BF2000A7E7BEF1300F21D1307800F0DF005828AC
:10BF300016D14FF0100996F801E04FF00F0A0236C3
:10BF40006FF070484B46AAE7337803F0DF03582BB5
:10BF5000EFD008234FF0070A6FF0604899469EE73C
:10BF600099466FF070484FF00F0A98E74FF00F0AAC
:10BF70006FF07048994692E7C52F01089999991971
:10BF8000FFF760BF2DE9F04F85B08A460192614A04
:10BF900003901E460D46294615F8014B135D13F01C
:10BFA0000803F8D12D2C7ED02B2C03BF2C780293C4
:10BFB0008D1C0293C6B1102E7AD04FEAE67B324632
:10BFC0005B464FF0FF304FF0FF31F5F793F8324604
:10BFD000074688465B464FF0FF304FF0FF31F5F7DC
:10BFE00089F8B14694460BE0302C76D04FF00A0920
:10BFF000DFF82481B3464FF0050C4FF099374E46D9
:10C0000000221046114614E0874278EB01021ED34D
:10C01000414508BFB84235D000FB0BF209FB0121B6
:10C02000A0FB09021144181841EBE371012215F835
:10C03000014BA4F13003092B05D9A4F14103192BBD
:10C0400008D8A4F137039E420CDD002ADCDA4FF059
:10C05000FF32ECE7A4F16103192B03D8A4F15703D5
:10C060009E42F2DC002A12DB029B13B1404261EBDC
:10C070004101019B1BB19AB9019BC3F800A005B017
:10C08000BDE8F08F6345C7DD4FF0FF32CFE7039A7D
:10C0900022231360019B4FF0FF300146002BEED0AE
:10C0A00005F1FF3AE8E701232C7802938D1C81E724
:10C0B000302C25D12B7803F0DF03582B1DD14FF006
:10C0C00010096C784FF00F0C02354FF0FF376FF00E
:10C0D00070484FF0000B4E4692E72B7803F0DF03D9
:10C0E000582BECD04FF00809B3464FF0070C4FF037
:10C0F000FF376FF060484E4682E74FF0000B5EE777
:10C100004FF00F0C4FF0FF376FF07048B1464FF013
:10C11000000B75E7C52F010899999919FFF732BFF0
:10C1200038B54B1C1AD093891446126B23F02003A8
:10C13000A381CDB2AAB16268636B9A4209DA23681F
:10C140005A1E226003F8015C63680133636028466D
:10C1500038BD214601F0BAFD0028F0D04FF0FF3580
:10C16000F5E7236922682BB1934203D212F8013C10
:10C17000AB420FD06168E1632346A26304F1400142
:10C1800003226263216303F8425F0122C4E90032A3
:10C19000284638BD6368013A0133C4E90023D6E775
:10C1A00010B50C46096B69B104F14003994201D006
:10C1B00002F0B6FFE36B63600020206313B1A36B52
:10C1C000236010BDA3892169002243F02003C4E944
:10C1D0000012A3814FF0FF3010BD00BF2DE9F04FDA
:10C1E00085B0CDE9023202FB03F30E9C0193A3B3A9
:10C1F000D4F804A0019B53458B4646D9A046019D27
:10C2000058F8401B0746002652465846F5F7F4F802
:10C210002368226B5344A946C4E9003611463846C8
:10C22000D344A5EB0A05E2B1424501D002F078FF04
:10C23000E36B26636360A3B1A16B2160AB429A46B6
:10C24000E2D3029B01932A465846F5F7D5F8D4E984
:10C250000032521B2B44C4E90032019805B0BDE8FE
:10C26000F08F019B22695344A3EB090A039BBAFB9D
:10C27000F3F30193A389019843F02003A3810023E2
:10C28000C4E9002305B0BDE8F08F21681D46D8E75A
:10C290002DE9F04FD5B00C460C9191460E930A90C3
:10C2A000FDF72AFF036817931846F5F7C9FAA38923
:10C2B0001690190603D52369002B00F08B87002404
:10C2C0002BAB4D46CDE92944CDE91944CDE91B44BA
:10C2D0001294289398461894002308940024CDE9DA
:10C2E00014342B78002B00F0DD81AA4604E01AF804
:10C2F000013F002B00F01681252BF8D1BAEB050683
:10C3000040F014819AF80030002B00F0CB8100231C
:10C310004FF0FF329AF801608DF8833009930AF1EB
:10C32000010A07921F462B244FF020090AF1010A47
:10C33000A6F120035A2B00F22D81DFE813F0BA0298
:10C340002B012B01B5022B012B012B016A002B01C4
:10C350002B014F02E3022B015A02C9022B01C40236
:10C360005B005B005B005B005B005B005B005B00F5
:10C370005B002B012B012B012B012B012B012B012E
:10C38000BF012B011A028600BF01BF01BF012B01B3
:10C390002B012B012B01B0022B012B01C3002B0120
:10C3A0002B012B0124022B015F022B012B013C07E7
:10C3B0002B012B012B012B012B012B012B012B011D
:10C3C000BF012B011A028800BF01BF01BF01A302F8
:10C3D000880081002B0196022B018202C5007002A9
:10C3E00081002B0124027E0039072B012B01190744
:10C3F0002B017E00A6F1300300221AF8016B02EB3C
:10C40000820203EB4202A6F13003092BF5D909920F
:10C410008EE7DDF828B05846FDF76EFE43681B93A3
:10C420001846F5F70DFA1C9006465846FDF764FECF
:10C4300083681993002E40F07A869AF8006075E7B9
:10C440009AF8006047F0200770E747F01007BA0637
:10C450000E9B40F18081073323F007031A465B6887
:10C4600052F8084B0E929946002BC0F25F85079B4D
:10C47000013301F01F8054EA090327F0800B00F01C
:10C48000E3840A2C79F1000380F0818730340123A2
:10C490008DF84F415F460B930DF24F1507990B989E
:10C4A0009DF8832081424FF00003B8BF01460D93F1
:10C4B00006910F9313931093002A7CD0069B0133AF
:10C4C000069378E047F0100717F0200900F0348158
:10C4D0000E9B073323F00703D3F8049053F8084B5F
:10C4E0000E9327F4806B002300228DF88320079A97
:10C4F000511C00F00D8254EA09012BF0800740F036
:10C500000682002A41F01080002B40F0A2841BF02C
:10C5100001030B9300F0378530238DF84F310DF276
:10C520004F15BBE7BAEB050600F0BC802A9B3344ED
:10C530002A93299B0133072BC8E90056299305DC70
:10C5400008F10808089B33440893DBE60C990A9825
:10C5500028AA04F075F980B90DF1AC08F2E70C993E
:10C560000A9828AA04F06CF9002800F08C800D9B32
:10C570001BB10D990A9802F0D3FD0C9B9B8913F017
:10C58000400F089B18BF4FF0FF330893089855B031
:10C59000BDE8F08F002E00F0858000228DF8EC6061
:10C5A0008DF88320012306930D920B9307920F922F
:10C5B000139210923BAD17F0020302D0069902319C
:10C5C000069117F0840B07D109990698A1EB000991
:10C5D000B9F1000F00F315832A9C8AB1299A0DF155
:10C5E000830101320134C8F80010072A4FF001011D
:10C5F0002A942992C8F8041000F3468308F1080829
:10C6000083B1299B21AA01330234C8F80020072BEB
:10C610004FF002022A942993C8F8042000F34883BB
:10C6200008F10808BBF1800F00F00E82079B0B9AFF
:10C63000A3EB020BBBF1000F00F34F82FB0500F1EF
:10C64000A5810B9BC8F804301C44299BC8F80050F6
:10C650000133072B2A94299300F3C78208F10808B5
:10C660007B0705D5099B069A9D1A002D00F32C83A4
:10C67000DDE9083206998A42ACBF9B185B18089323
:10C68000002C7FF46CAF002329930D9B1BB10D99F7
:10C690000A9802F045FD0DF1AC0855462B78002BA9
:10C6A0007FF423AE2A9B002B3FF467AF0C9C0A98C3
:10C6B00028AA214604F0C4F8A38960E70E9B07333B
:10C6C00023F00702F2E80234CDE91434DDE9143432
:10C6D00024F000440E92994618462146A74B4FF08D
:10C6E000FF32F5F76DF9002840F06284A34B48460D
:10C6F00021464FF0FF32F4F7BBF9002840F0588490
:10C70000DDE9140100220023F4F7A8F9002840F025
:10C71000AD879DF883209A4D9A4B27F0800703211F
:10C72000472EC8BF1D4600230D9306910B9107931A
:10C730000F9313931093BFE617F0100340F02E846D
:10C7400017F0400200F054870E9A52F8044B0E92F4
:10C750009946A4B2C5E653F8044B0E93FB0600F1CC
:10C7600018847D0640F1128444F3C0394B4624B24C
:10C770007AE60E9B002253F8041B8DF883208DF877
:10C78000EC100E930EE70E9C079B54F8045B4FF0E1
:10C7900000098DF88390002D00F0D5865A1C00F01A
:10C7A00052851A4649462846F5F7BAF80D900028F2
:10C7B00001F057800D9BCDF81C905B1B0B930E94E2
:10C7C00023EAE3739DF883200693CDF83490CDF8E7
:10C7D0003C90CDF84C90CDF840906DE60E9B53F810
:10C7E000042B0992002A80F2C983099A0E935242BF
:10C7F00009929AF8006047F0040797E547F0100B9C
:10C800001BF0200900F081830E9B073323F0070300
:10C81000D3F8049053F8084B0E93012364E60E9B63
:10C8200053F8044B0E93302378268DF88430564B02
:10C83000189347F0020B8DF885604FF00009022332
:10C8400052E6BD0600F18284FC0600F1738678068C
:10C8500000F13C87B90540F16D860E9B089953F8AD
:10C86000042B0E931170554618E79AF800606C2E51
:10C8700003BF9AF8016047F020070AF1010A47F068
:10C88000100753E59AF80060682E03BF9AF801601C
:10C8900047F400770AF1010A47F0400746E59AF8A5
:10C8A000006047F0080741E59AF8006047F001078B
:10C8B0003CE59DF88330002B7FF4BFAD9AF8006013
:10C8C0008DF8839032E59AF8006047F080072DE5F7
:10C8D000524612F8016B2A2E01F0CD81A6F13003E9
:10C8E000092B924698BF002201F288801AF8016B4A
:10C8F00002EB820203EB4202A6F13003092BF5D9C9
:10C90000079215E59AF800608DF883400EE5BB4666
:10C91000012B3FF4B6AD022B54AD12D1189A04F09E
:10C920000F032409D35C05F8013D44EA09744FEA7A
:10C93000191954EA0903F2D154AB5B1B5F460B9300
:10C94000ACE504F00703E40844EA49744FEAD90966
:10C95000303354EA09012A4605F8013DF1D11BF0B4
:10C96000010FE9D0302BE7D03023023A05F8013C23
:10C9700054AB9B1A5F460B9315468FE5FFFFEF7F85
:10C98000383101083C31010848310108652E40F377
:10C99000E680DDE9140100220023F4F755F80028B1
:10C9A00000F0CD81299BBF4AC8F800200133013433
:10C9B0000122072B2A942993C8F8042000F37D85CF
:10C9C00008F10808229B129A934280F2D382169BA8
:10C9D000179A1C44C8E90023299B2A940133072B8A
:10C9E000299300F3EB8308F10808129B5D1E002DCC
:10C9F0007FF736AE102D299BDFF8AC9240F36E85A1
:10CA000049462246B946DDF828B00C9C10260F4650
:10CA100005E008F10808103D102D40F35B85013357
:10CA20001032072BC8E90076CDE92932F1DD28AABA
:10CA30002146584603F004FF00287FF498ADDDE955
:10CA400029320DF1AC08E6E7099B069AA3EB020B2D
:10CA5000BBF1000F7FF7EAADBBF1100F299ADFF8A9
:10CA600048922CDD1D9621464E460C9CDDF8289000
:10CA7000102306E0ABF1100BBBF1100F08F1080812
:10CA80001ADD01321031072AC8E90063CDE92921F6
:10CA9000F0DD28AA214648460DF1AC0803F0D0FE8F
:10CAA00000287FF464ADABF1100BBBF1100FDDE992
:10CAB00029214FF01003E4DCB1461D9E0C460132E3
:10CAC0005C44072ACDE92924C8F80090C8F804B0CE
:10CAD00000F31D8508F10808A8E5BBF1100F299A9D
:10CAE000DFF8C4912DDD41462046A8464C460C9DFA
:10CAF000DDF82890102306E0ABF1100BBBF1100F0E
:10CB000001F1080119DD01321030072AC1E90043A3
:10CB1000CDE92920F0DD28AA2946484603F090FEF9
:10CB200000287FF424ADABF1100BBBF1100FDDE951
:10CB300029202BA94FF01003E5DC4546A146884685
:10CB4000044601325C44072ACDE92924C8F8009044
:10CB5000C8F804B000F3CC8108F108086EE5129B18
:10CB6000012B40F37C81299EC8F800500136013426
:10CB70000123072E2A942996C8F8043000F3E08197
:10CB800008F10808169B179A01361C44072EC8E9BD
:10CB90000023CDE9296400F3E08108F10808DDE90C
:10CBA000140100220023F3F74FFF002840F07481A6
:10CBB000129B0136013B01351C44072EC8F800507A
:10CBC0002996C8F804302A9400F3598108F108081E
:10CBD0001A9BC8F8043001361C44072E24ABCDE95B
:10CBE0002964C8F800307FF739AD0C990A9828AA53
:10CBF00003F026FE00287FF4BAAC2A9C0DF1AC08A5
:10CC00002EE5B9F1100FDDE929212BDDCDE91D3B22
:10CC10001F96DDF828B04E461024A9460C9D04E06E
:10CC2000103E102E08F1080817DD01321F4B10319D
:10CC3000072AC8E90034CDE92921F1DD28AA2946CF
:10CC400058460DF1AC0803F0FBFD00287FF48FACD3
:10CC5000103E102EDDE92921E7DCDDE91D3B4D46C4
:10CC6000B1461F9EC8F80490013209EB0104072A5F
:10CC70000E49C8F80010CDE9292400F3FF839DF880
:10CC8000832008F10808A8E40C990A981D9328AAA3
:10CC900003F0D6FD00287FF46AAC2A9C1D9B0DF1A1
:10CCA000AC08ADE4783101088C3101087C31010811
:10CCB0000C990A9828AA03F0C3FD00287FF457AC0A
:10CCC0002A9C0DF1AC08ADE4102D299B21DD0A9FB3
:10CCD000DDF83090102604E0103D102D08F1080812
:10CCE00017DD0133B04A1034072BC8E90026CDE91F
:10CCF0002934F1DD28AA494638460DF1AC0803F085
:10CD00009FFD00287FF433AC103D102DDDE9293460
:10CD1000E7DC0133A44AC8F804502C44072BCDE9C2
:10CD20002934C8F800207FF7A3AC0C990A9828AAE8
:10CD300003F086FD00287FF41AAC2A9C98E422991F
:10CD4000002940F36683DDF84090129B9945A8BF07
:10CD50009946B9F1000F0BDD299B01334C44072B99
:10CD6000C8E900592A94299300F32F8508F108088F
:10CD7000109EB9F1000FA8BFA6EB0906002E00F324
:10CD80003882DDF840B07805AB4400F16682229B22
:10CD9000129A934202DBF90740F18E84169A179992
:10CDA0001444C8E90012299A2A940132072A2992C8
:10CDB00000F3188508F10808129AAE18A6EB0B06C6
:10CDC000D51AAE42A8BF2E46002E0DDD299BC8F80D
:10CDD00000B001333444072BC8F804602A94299327
:10CDE00000F31A8608F10808002EA8BFAD1B002D1D
:10CDF0007FF736AC102D299BDFF8B09140F36E839E
:10CE000049462246B946DDF828B00C9C10260F464C
:10CE100005E008F10808103D102D40F35B83013355
:10CE20001032072BC8E90076CDE92932F1DD28AAB6
:10CE30002146584603F004FD00287FF498ABDDE955
:10CE400029320DF1AC08E6E7079B002B7FF41EABFF
:10CE50005F46002307930B9354ADFFF71FBBFA0700
:10CE60003FF581AE299EC8F80050013601340123F8
:10CE7000072E2A942996C8F804307FF7A7AE0C999C
:10CE80000A9828AA03F0DCFC00287FF470ABDDE9E7
:10CE900029640DF1AC089BE6129B5D1E002D7FF707
:10CEA00097AE102DDFF8049140F396832246079742
:10CEB0000A9C0C9F4FF0100B05E008F10808103D8C
:10CEC000102D40F3878301361032072EC8E9009BEE
:10CED000CDE92962F1DD28AA3946204603F0B0FCED
:10CEE00000287FF444ABDDE929620DF1AC08E6E7E8
:10CEF0000C990A9828AA03F0A3FC00287FF437AB0A
:10CF00002A9C0DF1AC08FFF799BB1BF0100340F011
:10CF100028811BF0400200F079830E9A52F8044BEE
:10CF20000E929946A4B20123FFF7DEBA2D23644284
:10CF30008DF8833069EB4909BB460123FFF7D7BA67
:10CF40000C990A9828AA03F07BFC00287FF40FAB09
:10CF5000DDE929640DF1AC0814E60C990A9828AAB9
:10CF600003F06EFC00287FF402ABDDE929640DF1CB
:10CF7000AC0814E6FD077FF573AB28E59AF800606E
:10CF80000E93FFF7D3B954ADFFF788BAB80500F197
:10CF9000A6834FEAE4794B46FFF766BA0E9B53F837
:10CFA000044B0E93FFF79DBA7C3101088C310108C8
:10CFB000DDE9140102460B46F4F702FD002840F0BB
:10CFC0000F86612E00F04585412E00F06D84079B91
:10CFD000013326F02003069300F0A983472B00F0CD
:10CFE0008885DDE9141247F480730F931346002BF4
:10CFF000C0F292850B9300231D938B460D93069BE5
:10D00000462B00F0FD83452B00F0448507990191E4
:10D0100026A9049123A9039122A9029102210B9B25
:10D020000A9800915A4600F073FF069B472B05466D
:10D0300040F0318617F0010FB9460F9F40F0FC8495
:10D04000269B5B1B1293069B472B00F08283069B5B
:10D05000462B00F01284229B1093109B069A013BF2
:10D06000412A229300F0AD85F2B20021002BB8BF17
:10D07000109B8DF89020BABFC3F101032D222B2203
:10D08000092B8DF8912040F38D850DF19F04B64F4B
:10D090002246104687FB0321DA17C2EBA10202EBFE
:10D0A0008201A3EB4101303100F8011C19466329CC
:10D0B000134600F1FF32ECDC3033D9B2831E9C42C0
:10D0C00002F8011C40F2F18513460DF1920201E0D5
:10D0D00013F8011B02F8011B9C42F9D10DF1A103C9
:10D0E0000DF192021B1A134424AA9B1A1A93129B45
:10D0F0001A9A012B1A440B9240F39E850B9B169AA9
:10D1000013440B930B9A002329F4806722EAE272FE
:10D1100047F480770F930692139310931D9B002B77
:10D1200040F03F839DF883200793FFF7C5B9199B13
:10D13000002B3FF482A9199B1B78002B3FF47DA99B
:10D140009AF8006047F48067FFF7F0B80E9B0898E4
:10D1500053F8041B0E93C217C1E900025546FFF7AE
:10D160009DBA0E9B53F8044B0E930123FFF7BCB9F5
:10D170007E4B189317F0200900F0EC800E9B0733CC
:10D1800023F00703D3F8049053F8084B0E93F807E5
:10D1900009D554EA090306D030238DF8856047F09D
:10D1A00002078DF8843027F4806B0223FFF79CB9C7
:10D1B000BB46FFF725BB6E4B1893DBE70C990A982B
:10D1C00028AA03F03DFB00287FF4D1A92A9C0DF189
:10D1D000AC080AE40A984021FCF7C0FF0C9B1860D9
:10D1E0001861002800F065850C9A40235361FFF711
:10D1F00066B8102E299BDFF87C9140F329824846BF
:10D2000042462146A846B9460A9C0C9D4FF0100B99
:10D21000074604E00832103E102E40F3138201331B
:10D220001031072BC2E9007BCDE92931F2DD28AAB4
:10D230002946204603F004FB00287FF498A9DDE985
:10D2400029312BAAE7E72846CDF81C900E94F4F775
:10D25000F7FA03460B90FFF7B3BA129BCDF82CA058
:10D260004246DDF84C801097EB1807935E46199FF5
:10D27000DDF87090DDF828A0DDF830B00F9B139535
:10D280002146B8F1000F2FD0002B30D1013F08F11B
:10D29000FF381B9BC2E90039299B01334944072B06
:10D2A0002A91299368DC0832079B38789B1B8342BC
:10D2B000A8BF0346002B1C460BDD299801301944FA
:10D2C0000728C2E900632A91299000F31481387875
:10D2D0000832002CACBF051B0546002D0BDC0644B4
:10D2E0000F9BB8F1000FCFD1002B00F023820F9BD2
:10D2F000013B0F93CDE7102D29981DDD102404E08C
:10D30000103D102D02F1080216DD0130194B1031CD
:10D310000728C2E90034CDE92901F1DD28AA5946E0
:10D32000504603F08DFA00287FF421A9103D102DFE
:10D33000DDE929012BAAE8DC01300E4B55602944B8
:10D340000728CDE92901136000F3328238780832CA
:10D350000644C5E717F0100300F0A1800E9B53F8B8
:10D36000044B0E9313E700BF6766666648310108F9
:10D370005C3101088C31010828AA5946504603F057
:10D380005FFA00287FF4F3A82A992BAA8CE70BF404
:10D39000806300220696CDF82CA0CDF8348054AFDF
:10D3A000DDF864809A4616460CE000232046494684
:10D3B0000A22F3F79FFE0A2C79F100031BD30446DF
:10D3C00089462F4620460A2200234946F3F792FE5B
:10D3D00030327D1E013607F8012CBAF1000FE4D07F
:10D3E00098F800309E42E0D1FF2EDED00A2C79F171
:10D3F000000380F0408154AB5B1BDDF82CA0CDF81E
:10D4000064801296DDF83480069E0B935F46FFF72A
:10D4100045B8299BBC4AC8F80020013301340122D9
:10D42000072B2A942993C8F8042000F3388108F1C7
:10D430000808002940F09780129A07F0010313436F
:10D440003FF40EA9169B17991A19C8E90013299BD6
:10D450002A920133072B299300F3478108F108082A
:10D460001299C8F8005001338C18072BCDE92934E4
:10D47000C8F804107FF7F2A8FFF7B7BB0C990A9819
:10D480001D9328AA03F0DCF900287FF470A89DF80A
:10D4900083202A9C1D9B0DF1AC08FFF79EB817F066
:10D4A000400200F0C2800E9A52F8044B0E92994648
:10D4B000A4B26CE6BB46FEF7E4BF0C990A9828AA12
:10D4C00003F0BEF900287FF452A82A9C0DF1AC08A5
:10D4D000FFF778BA14463A464F46914601332C443A
:10D4E000072BC8F80090C8F80450CDE929347FF71D
:10D4F000B5A8FFF77ABB28AA5946504603F0A0F911
:10D5000000287FF434A838782A992BAAE1E60C99F0
:10D510000A9828AA03F094F900287FF428A82A9CE6
:10D520000DF1AC08FFF782B8012BBB467FF4F3A9DD
:10D53000FEF7ACBF0E9B089953F8042B55461160BB
:10D540000E93FFF7ABB8062B294628BF0623079595
:10D550000D952A4606936D4D0E940B930F911391E2
:10D560001091FEF7A9BF169B17981A19C8E9000376
:10D57000299B2A920133072B299300F3B68008F1E7
:10D5800008080029BFF66CAF4E421031DFF88091D9
:10D5900080F297824146DDF828B0A84610240C9D01
:10D5A00004E00831103E102E40F38982013310321E
:10D5B000072BC1E90094CDE92932F2DD28AA2946DA
:10D5C000584603F03DF900287EF4D1AFDDE9293259
:10D5D0002BA9E7E7079F144601362C44072ECDE917
:10D5E0002964C8F80090C8F804507FF7EFAA46E411
:10D5F0000E9B17F4007914BF53F8044B53F8044BF7
:10D600000E931CBF9146E4B2FEF76BBF0E9B1BF45A
:10D61000007914BF53F8044B53F8044B0E931CBF0E
:10D620009146E4B20123FEF75FBF0E9B17F4007929
:10D6300014BF53F8044B53F8044B0E931CBF914690
:10D64000E4B2A4E5454690463A460C464F4691461C
:10D6500001333444072BCDE92934C8F80090C8F8C9
:10D66000046057DC08F10808FFF78BBB2D228DF80A
:10D670008320FFF750B81C9B1B99ED1A1A462846C9
:10D6800003F0ACF898F801300BB108F1010820461E
:10D6900049460A2200230026F3F72CFD8FE60C9959
:10D6A0000A9828AA03F0CCF800287EF460AF2299EB
:10D6B0002A9C0DF1AC08BCE6129AAE18A6EB0B063C
:10D6C000D51AAE42A8BF2E46FFF78EBB0E9B089917
:10D6D00053F8042B0E9311805546FEF7DFBF44F339
:10D6E000C0194B4664B2FEF7BFBE0C990A9828AA2F
:10D6F00003F0A6F800287EF43AAFDDE9293222993A
:10D700000DF1AC083DE700BF783101087031010828
:10D710008C3101080C990A9828AA03F091F8002886
:10D720007EF425AF2A9C0DF1AC08FFF72ABB062337
:10D73000079356E4DDE91235EB189E421997B3467C
:10D74000DDF82CA0109F90460C4628BF9B46FFF7A3
:10D750001EBB229B1093DA1C02DB079A934204DD66
:10D76000023E26F02003069377E4109B129A934220
:10D77000C0F2488119F0010F00F01182169A13448B
:10D780000B9319F4806F03D0109B002B00F3C7811B
:10D790000B9B23EAE3730693672600230F931393EF
:10D7A000BCE42D2200238DF883200793FEF786BE6C
:10D7B00028AA5946504603F043F800287EF4D7AE15
:10D7C00038782A992BAA06448AE50C990A9828AA3F
:10D7D00003F036F800287EF4CAAE2A9C0DF1AC089E
:10D7E000FFF7C6BA0C990A9828AA03F029F800286E
:10D7F0007EF4BDAE229B2A9C0DF1AC08FFF7DCBA8B
:10D800000799019126A9049123A9039122A90291C4
:10D8100003210B9B0A9800915A4600F079FB03788C
:10D82000302B054600F0F181229B079AB94613443C
:10D830000F9FEC180B99584600220023F3F704F9C8
:10D8400010B12346FFF7FDBB269BA342BFF4F9AB03
:10D8500030215A1C26921970269B9C42F9D8FFF75A
:10D86000F0BB079B9DF883200E9406930B930790C3
:10D870000F9013901090FEF71FBE229A1092002A6C
:10D8800040F3E081079909F001030B4340F0B781B1
:10D89000109B0B93662619F4806F40F041810B9B1F
:10D8A00023EAE373069378E730238DF88430582316
:10D8B0008DF88530079B632B47F0020400F3BF808F
:10D8C00000230D933BADDDE9141247F481730F93F0
:10D8D0001346002B2746C0F285800B9326F02003C9
:10D8E000069300238B461D93612E00F04081412E4C
:10D8F0007FF485AB22AA0B99584602F0F1FE002274
:10D900004FF07F53F2F738FE02460B46CDE9102365
:10D9100000220023F3F798F808B101232293AC4BBF
:10D920000B93079BCDE912A6CDE91E78DDF82CA05C
:10D93000DDE9106703F1FF39AB46109506E00022E0
:10D94000002309F1FF39F3F77FF8E8B9A14B002272
:10D9500030463946F2F710FE0F460646F4F746F811
:10D960000446F2F79FFD0B46024639463046F2F771
:10D970004BFC1AF80430B9F1FF3FD8464D460BF87E
:10D98000013B06460F46DAD130463946924BDDF868
:10D9900048A0139ECDF848800022A946DDF87C807F
:10D9A000109D1E9FCDE91001F3F776F8002855D1A0
:10D9B000DDE91001884B0022F3F746F808B1E107D2
:10D9C0004CD44B46002B06DB01335B4430220BF872
:10D9D000012B5B45FBD1ABEB0503B94612930F9FBF
:10D9E000FFF731BB26F020030693DDE914349B4694
:10D9F00004F100430B932D231D9375E70023079338
:10DA0000FEF796BC129B169A9A18109B0B92002B4D
:10DA100040F3098167263EE70C990A9828AA02F08C
:10DA20000FFF00287EF4A3AD229D129B2A9C5D1B54
:10DA30000DF1AC08FFF7D8B9079BEC18FAE60A9885
:10DA4000591CFCF78BFB0546002800F026810D9041
:10DA500039E730238DF88430782329E7129B269309
:10DA60000B9B1BF8012CD97B8A425B4609D13020E5
:10DA700003F8010C269B5A1E269213F8012C9142A2
:10DA8000F6D0392A0BBF0B9A0132927AD2B203F840
:10DA9000012CA0E707990B9B0A984C1C26A904911E
:10DAA00023A9039122A9029102215A4601940091CF
:10DAB00000F02EFA0546B9462C440F9FBAE64546BB
:10DAC000884601333244072BCDE92932C8F800904B
:10DAD000C8F804607FF7C2AC0C990A9828AA02F033
:10DAE000AFFE00287EF443ADDDE929320DF1AC082C
:10DAF000B6E4079B002B08BF0123079347F480730C
:10DB00000F93159B002BC0F2B180DDF850B00D9043
:10DB10000B931D90FFF77ABA00230D9365E76726F4
:10DB200019990B78FF2B00F0B2800024109A204640
:10DB300003E001300131FF2B08D0934206DAD21AFC
:10DB40004B78002BF5D10B780134F4E71991109242
:10DB500013900F940F9A139B1C9913440B9A01FB7B
:10DB600003230B9323EAE3730693FFF7D7BA22AAA2
:10DB70000B99584602F0B4FD00224FF07F53F2F7A4
:10DB8000FBFC02460B46CDE9102300220023F2F7EE
:10DB90005BFF08B101232293104B0B93C1E6109B4E
:10DBA0000B93EEE5002963D130228DF892200DF120
:10DBB0009302303302F8013B24ABD31A1A93FFF7D8
:10DBC00096BA06F10F02D2B20121FFF74FBA00BF99
:10DBD0005C310108000030400000E03F483101089E
:10DBE000159B384D002BB4BF2D229DF88320364B5A
:10DBF000B8BF8DF8832027F08007FEF790BD169BF5
:10DC0000D31819440B91662645E60B995846002215
:10DC10000023F2F719FF00287FF406AE079BC3F13B
:10DC20000103229301E6C3F101031A4422EAE273DD
:10DC30000B9206936726B0E519F0010F3FF462AA34
:10DC4000FFF75CBA079A09F0010959EA020304D107
:10DC50000123069366260B939FE5169B01331A4416
:10DC600022EAE2730B920693662696E50D90BCE6D7
:10DC70000DF192029DE70E9B9AF80160924653F8CF
:10DC8000042B0E9342EAE2720792FEF74FBB002389
:10DC90000F9313935EE7079C0DE70C998B8943F074
:10DCA000400213468A81FEF76ABC02231A93FFF7EB
:10DCB0001EBA0A9A0C2313604FF0FF330893FEF745
:10DCC00065BC00BF403101084431010801F1400347
:10DCD0002DE9F0410C46096B994214D0666B770030
:10DCE0003A46FCF751FD054640B300EB06080146F5
:10DCF00032464046F3F780FBC4E90C57C4F8008075
:10DD00000020BDE8F0814FF48061FCF727FAA8B14C
:10DD100094F842304FF48062C4E90C0280F8FF337B
:10DD200094F8413080F8FE3394F8402080F8FD23C9
:10DD300000F2FD3323600020BDE8F0814FF0FF309A
:10DD4000DFE700BF49B1FF2A02D80A7001207047FF
:10DD50008A2303604FF0FF3070470846704700BFCA
:10DD60002DE9F047DFF87CA00646DAF80000984677
:10DD70000F469146FCF7C8F91B4B1B68D3F8484186
:10DD800024B365681F2D26DC5EB96B1C0235DAF8FA
:10DD90000000636044F82570FCF7B8F90020BDE886
:10DDA000F08704EB85010123C1F88890D4F888211D
:10DDB000AB401A43022EC4F88821C1F80881E4D18F
:10DDC000D4F88C211343C4F88C31DEE703F5A67434
:10DDD000C3F84841D5E7DAF80000FCF797F94FF0AF
:10DDE000FF30DCE778050020942F01082DE9F04F83
:10DDF00003690C69A34283B0C0F28680013C01F143
:10DE00001405A30000F11408009355F8243058F8C5
:10DE1000242001338A469A4208EB8401814605EBAF
:10DE200084070191B2FBF3F638D30023AE46404697
:10DE30009B465EF8041B02681FFA81FC06FB0C334C
:10DE4000090C4FEA134C06FB01CC99B2ABEB010174
:10DE50001FFA8CF311FA82F1C3EB124202EB21425A
:10DE600089B241EA0241774540F8041B4FEA1C435E
:10DE70004FEA224BDDD2009B58F8033073B9019B67
:10DE8000043B984504D307E0984504F1FF3403D2DE
:10DE900053F80429002AF7D0C9F8104051464846E3
:10DEA00002F0E0F900282BDB01364046002355F84C
:10DEB000041BD0F800C08AB29A1A0B0C12FA8CF22A
:10DEC000C3EB1C4303EB224392B242EA0342AF424C
:10DED00040F8042B4FEA2343E9D258F8242008EBFA
:10DEE00084036AB9043B984504D307E0984504F1DC
:10DEF000FF3403D253F80429002AF7D0C9F81040A0
:10DF0000304603B0BDE8F08F002003B0BDE8F08FCD
:10DF10002DE9F04F016C99B090469946CDE90489FE
:10DF2000259D044641B1426C4A60012393408B60B9
:10DF300001F0E2FE00232364B9F1000AB4BF01231B
:10DF400000232B60764BBCBF2AF0004ACDF814A00A
:10DF500033EA0A0300F0AA80DDE9042310461946DB
:10DF600000220023CDE90A01F2F76EFD074670B1E9
:10DF7000249A01231360269B002B00F0E482694859
:10DF80001860431E0393039819B0BDE8F08F16ABD9
:10DF9000019317AB00932046DDE90A2302F0B2FAA1
:10DFA0005FEA1A56054640F09780DDE916763E4452
:10DFB00006F23240202840F3B583C0F140000AFA4F
:10DFC00000FA06F2124028FA00F04AEA0000F2F7DE
:10DFD00059FA0123013EA1F1F8710F93524B00222F
:10DFE000F2F712F948A3D3E90023F2F7C5FA48A3E0
:10DFF000D3E90023F2F70AF9804630468946F2F762
:10E0000051FA45A3D3E90023F2F7B6FA02460B46CC
:10E0100040464946F2F7FAF880468946F3F7E6FCAF
:10E0200000228346002340464946F2F717FD0028A8
:10E0300040F07C82BBF1160F00F26B823B4B03EB8E
:10E04000CB03D3E90023DDE90A01F2F707FD00283D
:10E0500072D00023BE1B0E93731E0BF1FF3B069381
:10E0600000F15E8200230993BBF1000F6BDA099B7C
:10E07000CDF81CB0A3EB0B030993CBF100030D9378
:10E08000229B092B4FF0000B66D8052B40F34883E9
:10E09000043B22930026229B023B032B00F268865E
:10E0A000DFE813F05C04590450043304249A42F26C
:10E0B0000F73CAF3130A13605AEA08031AD1269B96
:10E0C000002B00F064861A4B03930833269A0398BA
:10E0D000136019B0BDE8F08FDDE90A12C2F3130333
:10E0E000084643F07F510F97A6F2FF36169F41F482
:10E0F000401173E7269B002B40F0EA830D4B0393FE
:10E1000041E700BFAFF3008061436F63A787D23F51
:10E11000B3C8608B288AC63FFB799F501344D33F16
:10E120000000F07F793101080000F83F80340108D9
:10E13000A03101089C310108BE1B731E069300F13B
:10E1400085840E900990069B5B44CDE9063B002335
:10E150000D93229B092B98D90023CDE92233012668
:10E160004FF0FF330C960893089B129300216164D3
:10E17000204601F09BFD0390002800F00186039BE0
:10E180002364089B0E2B00F21381002E00F01081F7
:10E190000799002940F35C84AE4B01F00F0203EBBA
:10E1A000C2034FEA2118C905D3E9006740F114847E
:10E1B000A94BDDE90A01D3E90823F2F707FBCDE912
:10E1C000100108F00F084FF0030AB8F1000F13D048
:10E1D000DFF8849218F0010F09D030463946D9E9AA
:10E1E0000023F2F7C9F90AF1010A06460F465FEA71
:10E1F000680809F10809EDD1DDE9100132463B4616
:10E20000F2F7E4FA804689460E9B43B1934B002215
:10E2100040464946F2F722FC002840F0308550463F
:10E22000F2F740F942464B46F2F7A6F98C4B002232
:10E23000F1F7ECFFA1F15073CDE910011193089BA8
:10E24000002B00F09780079B1493089B13930C9B63
:10E25000002B00F0A584139A7E4B8249039E03EBAA
:10E26000C20353E902230020F2F7B0FADDE91023DC
:10E27000F1F7CAFFCDE9100149464046F3F7B6FB76
:10E280000746F2F70FF902460B4640464946F1F7BA
:10E29000BBFF3037DDE9102306F8017B8046894655
:10E2A000F2F7DCFB002840F02985CDF854B00027B8
:10E2B000DDE910AB1095139D13942AE00137AF42AE
:10E2C00080F22C85684B504659460022F2F754F9EB
:10E2D000654B002282468B4640464946F2F74CF990
:10E2E00089468046F3F782FB0446F2F7DBF80246E4
:10E2F0000B4640464946F1F787FF303406F8014B9C
:10E3000052465B4680468946F2F7A8FB002840F05B
:10E31000F38442464B4651490020F1F775FF5246BF
:10E320005B46F2F79BFB0028C8D0DDE91343109D44
:10E33000039A079302E0964200F0C884B24616F8AA
:10E34000013D392BF7D00133DBB23370079B01332A
:10E350000793C8E15046F2F7A5F842464B46F2F75C
:10E360000BF93F4B0022F1F751FFA1F15073CDE9BA
:10E37000100111933D4B404649460022F1F744FFFE
:10E38000DDE910894B46424606460F46F2F784FB0C
:10E390008146002840F0AA84DDE91001024601F11F
:10E3A000004330463946F2F759FB002840F04583D8
:10E3B000179B002BC0F28C80079A0E2A00F38880EE
:10E3C000244B03EBC203D3E900AB239B002B1BDAE6
:10E3D000089B002B18DC40F02E83244B0022504673
:10E3E0005946F2F7C9F802460B46DDE90A01F2F791
:10E3F0003FFBDDF820904E46002800F0C782239BAB
:10E40000DDF80C80DF43C9E2DDE90A7852465B465D
:10E4100038464146F2F7DAF9F3F7E8FA814609900F
:10E42000F2F740F852465B46F2F7A6F8039E0B4619
:10E43000024641463846F1F7E7FE09F1300306F897
:10E44000013B089B012B00F05C8306940127049597
:10E450001C462AE080340108583401080000F03FCF
:10E4600000001C400000E03F000024400000144079
:10E4700052465B4640464946F2F7A8F9F3F7B6FA2A
:10E480000546F2F70FF852465B46F2F775F801378A
:10E490000B46024649464046F1F7B6FE05F1300309
:10E4A000A74206F8013B00F02983AC4B0022F2F7AB
:10E4B00063F80022002380468946F2F7C5FA002857
:10E4C000D6D0049D069C079B01330793B2460AE110
:10E4D0000C9A002A3DD0229A012A40F39C82089B84
:10E4E00003F1FF380D9B4345C0F26D82A3EB080892
:10E4F000089B002BC0F23C83069A1A440692099AA4
:10E5000017461A4409920121204601F0F7FC0646FD
:10E5100023E00123BE1B0E93731E06937FF5A2AD6D
:10E52000C6F101030993002306939DE55846F1F7D0
:10E53000B9FF42464B46F2F787FA00287FF47AADDE
:10E540000BF1FF3B76E5864B0393039819B0BDE8CA
:10E55000F08FDDF83480099F0C9E002F0CDD0699AA
:10E5600000290B4608DD099AB942A8BF3B46D21ADA
:10E57000FF1ACB1A099206930D9BDBB10C9B002B63
:10E5800000F05D82B8F1000F0FDD314642462046B3
:10E5900001F090FD2A4601460646204601F0DCFCCB
:10E5A00029460546204601F0A7FB0D9BB3EB080268
:10E5B00040F0D8820121204601F0A0FCBBF1000F01
:10E5C000814600F3B480229B012B40F386814FF0FB
:10E5D000000A0120BBF1000F40F0B580069A1044FC
:10E5E00010F01F0000F09380C0F12003042B40F3D3
:10E5F000D283099BC0F11C000344024409930744E1
:10E600000692099B002B05DD29461A46204601F09B
:10E61000B1FD0546069B002B05DD49461A462046FE
:10E6200001F0A8FD81460E9B002B40F03681089B2F
:10E63000002B40F31D810C9B002B40F0A080079B1A
:10E6400001330793DDF80C80DDF820A0012707E0F7
:10E65000294600230A22204601F058FB01370546CF
:10E6600049462846FFF7C2FB574500F1300308F83A
:10E67000013BEDDB089A002AC8BF9346039AD8BF36
:10E680004FF0010B934400272946012220460493B2
:10E6900001F070FD4946054601F0E4FD002840F315
:10E6A000A8811BF8013C039A0BF1FF3B04E05A459B
:10E6B00000F0AA811BF8013D392B0BF1010AF6D0BD
:10E6C00001338BF800304946204601F015FB56B166
:10E6D0002FB1B74203D03946204601F00DFB314639
:10E6E000204601F009FB2946204601F005FB0023E6
:10E6F0008AF80030249B079A1A60269B002B3FF46F
:10E7000042AC0398C3F800A019B0BDE8F08F1C20FC
:10E71000099B03440993069B03440744069370E74F
:10E720000126B8E4C0F1200008FA00F04FE40146E9
:10E730005A46204601F0BEFC229B012B814640F345
:10E74000B3814FF0000AD9F8103009EB8303186940
:10E7500001F086FBC0F1200040E700BF000024402C
:10E7600078310108314600230A22204601F0CEFA12
:10E77000129B002B064640F3E782CDE90783002F6A
:10E7800000F31A81BAF1000F40F0D581B046049B26
:10E79000039F089903F001027B1E1944229B0C92EF
:10E7A000134309910A9349462846FFF71FFB314658
:10E7B0008346284601F056FD424649468246204699
:10E7C00001F070FDC26801460BF13003002A42D10E
:10E7D00006902846089301F045FD069904902046CE
:10E7E00001F08AFA049A089B1AB90A99002900F0E4
:10E7F0009B82BAF1000FC0F2638122994AEA010AB2
:10E800000C9951EA0A0100F05B81002A00F3B481FF
:10E81000099A3B7007F1010A9742D34600F0B28192
:10E82000294600230A22204601F070FA4645054693
:10E8300031464FF000034FF00A02204612D001F09B
:10E8400065FA4146064600230A22204601F05EFA98
:10E8500057468046A7E72046049301F04DFA049BF3
:10E860000122C6E701F052FA5746064680469AE76B
:10E87000229B022B79DC0C9B002B80D1079B494605
:10E88000013328460793FFF7B1FADDF80CB000F129
:10E8900030030BF8013B0027F6E64946284601F015
:10E8A000E1FC0028BFF6C3AE294600230A22204619
:10E8B00001F02CFA079B03F1FF380C9B0546002B57
:10E8C0007FF450AF129B002B40F335820893B9E6DA
:10E8D000AF4B03930333FFF7F9BBDDE904120029C3
:10E8E0007FF475AEC2F31303002B7FF470AEA94B17
:10E8F0001340002B00F0FE81099B01330993069B16
:10E90000013306934FF0010A63E601230C93239B26
:10E91000079A134412930133012B1F460893B8BF83
:10E9200001270021172F61647FF722AC0122042305
:10E930005B0003F11400B842114602F10102F7D95D
:10E94000616415E401230C93239B002B4CDD12938F
:10E9500008931F46E5E700230C93D8E700230C93A8
:10E96000F2E7129BCDF81C800893089B002B7FF4E4
:10E9700046AD49460522204601F0C8F901468146C8
:10E98000284601F06FFC00287FF739AD0398079FF8
:10E990003123804600F8013B013703904946204669
:10E9A00001F0AAF97B1CDDF80CA00793CDF80C80D0
:10E9B000002E7FF494AE96E631463A46204601F0AA
:10E9C000D9FB0646DEE60D9BCDF83480A8EB0303A9
:10E9D0009B444FF000088BE5DDE90A234FF0020A63
:10E9E000CDE91023FFF7F1BB012323930893FFF731
:10E9F000BBBB03D1049BDB073FF553AEDA461BF8E4
:10EA0000013D302BFAD05EE6079B039A0133079352
:10EA10003123137057E60F9A002A00F0268103F283
:10EA20003343069ADDF834801A440692099A174651
:10EA30001A44099267E54FF000094E46DFE4294683
:10EA40000D9A204601F036FB0546B3E50E9067E5CA
:10EA500000F00F81079A504B564206F00F0203EB6D
:10EA6000C203D3E90023DDE90A01F1F785FD361180
:10EA70008046894600F07181484F00234FF0020A1A
:10EA8000F20706D5D7E90023F1F776FD0AF1010A6E
:10EA90000123761007F10807F2D1002B3FF4B4AB45
:10EAA00080468946FFF7B0BB049B002B7FF449AE3C
:10EAB000DDE90412C2F31303002B3FF418AF40E664
:10EAC000002A12DD294601222046049301F052FB60
:10EAD0004946054601F0C6FB0028049B40F3188117
:10EAE000392B00F0F9800BF13103BA460AF8013BEB
:10EAF000079B0133374607934646E4E50995069C94
:10EB0000049D02460B46F1F781FB52465B46804668
:10EB10008946F1F7C1FF60B952465B464046494617
:10EB2000F1F792FF00283FF4CEAC099BD9077FF59F
:10EB3000CAAC039A02E47168204601F0B7F80746B0
:10EB4000002800F00E81336902339A0006F10C01AF
:10EB50000C30F2F751FC39460122204601F00AFB45
:10EB6000804614E62946204601F0A4FA054621E530
:10EB7000DDE908239F1AC6E4392B00F0AD80BA46C0
:10EB80000133B3E7079A01323746079246467BE5E1
:10EB90009C3101080000F07F8034010858340108DE
:10EBA000DDF84CA0844901EBCA01DDE9102351E9ED
:10EBB0000201F1F7E1FCCDE9100149464046F2F7C8
:10EBC00015FF0646F1F76EFC0B46024649464046E5
:10EBD000F1F71AFB039F53463036012B07F8016B00
:10EBE0008046894600F0AE80139E039B1E44734B03
:10EBF000002240464946F1F7BFFC89468046F2F7BD
:10EC0000F5FE8246F1F74EFC0AF1300A02460B4649
:10EC100040464946F1F7F8FA07F801ABB74280469B
:10EC20008946E4D1664B0022DDE91001F1F7EEFAE6
:10EC300042464B46F1F712FF002864D1DDE910236C
:10EC40005F490020F1F7E0FA42464B46F1F724FF16
:10EC500000283FF4ADABB246013E1AF8013C302B20
:10EC6000F9D0149B013307933DE5169BC3F136039E
:10EC7000D7E6DDE90A894FF0020AFFF7C5BA089B1B
:10EC8000002B3FF467AB129B002B7FF791AB079AE9
:10EC9000013ACDE913324046484B00224946F1F78C
:10ECA0006BFC804689460AF10100F1F7FBFB424606
:10ECB0004B46F1F761FC434B0022F1F7A7FAA1F1B3
:10ECC0005073CDE910011193FFF7C1BA079B0133CF
:10ECD00007933123FFF739BB079BBB4601330793EB
:10ECE000392337460BF8013B4646DCE44FF0000978
:10ECF0004E464BE69A466CE4109D139C149B0133E0
:10ED00000793B246EFE4149B039A0793FFF716BBF1
:10ED10007FF4EBAEDA077FF5E8AEE1E6DDF854B05C
:10ED2000109D139CFFF744BB392BD5D0BAF1000FCF
:10ED30003FF7D9AED9E6229B022B3FF712AECDF8B2
:10ED40001C809BE53E466DE7229B022B3FF709AEF8
:10ED5000129BCDF81C80089311E54FF0020AFFF7D3
:10ED600053BA194B19483A4640F2EA2101F0E4FD42
:10ED7000002666643146204600F098FF039078B97B
:10ED8000114B124800224FF4D57101F0D5FD104B04
:10ED90000393FFF7F8B83FF434ACC0F13C00B7E49C
:10EDA000039B236401224FF0FF33239612930C92AE
:10EDB0000893FFF7FDBA00BF80340108000024402B
:10EDC0000000E03F00001C40AC310108C0310108E8
:10EDD000A0310108B1F90C20F8B50C46110707461F
:10EDE00042D4636842F40062002BA28159DDA56A17
:10EDF000002D54D000233E683B6093B212F4805241
:10EE000053D1E16901233846A847421C63D0A38946
:10EE1000A56A5B0705D56368C01A236B0BB1E36B6A
:10EE2000C01AE169024600233846A847411C3ED17A
:10EE30003B68002B3BD01D2B01D0162B52D1A38950
:10EE40002269226023F4006300216160A381216BA9
:10EE50003E6021B304F14003994202D0384600F0ED
:10EE60005FF900202063F8BD2669C6B193B225681A
:10EE700026609A070CBF63690023AD1BA3600CE0FA
:10EE8000D4F824C0E1692B4632463846E047B0F159
:10EE9000000CA5EB0C05664416DD002DF0DC00200F
:10EEA000F8BDE36B002BA2DCF9E7206DB1E7B4F904
:10EEB0000C302269226023F40063A3810022DB046A
:10EEC0006260C4D52065C2E7A38943F040034FF0D8
:10EED000FF30A381F8BD3B68002B98D01D2B06D0D6
:10EEE000162B04D0A38943F04003A381F8BD3E60F4
:10EEF000D5E700BF38B50C46054608B1836BA3B112
:10EF0000B4F90C00B8B1636EDB0701D4810515D5E7
:10EF100028462146FFF75EFF636EDA07054602D4F6
:10EF2000A3899B050ED5284638BD00F017F8B4F923
:10EF30000C000028E7D10546284638BDA06DFBF738
:10EF4000E3F8E5E7A06DFBF7E1F8284638BD00BF20
:10EF5000014900F0EBB900BFF10901082DE9F047C4
:10EF600082463948FBF7D0F8DAF83840002C66D1F1
:10EF7000DAF80450354ACAF83C200323CAE9B843FA
:10EF8000DFF8CC90DFF8CC80334F344E04230AF501
:10EF90003B72CAF8E8222146C5E90243C5E90044AC
:10EFA000C5E904446C660822AC6105F15C00F9F720
:10EFB000DBFBC5E90759C5E90987EE6205F1580091
:10EFC000FBF79EF8DAF80850254BEB602146C5E9BF
:10EFD0000044C5E904446C66AC60AC61082205F1EC
:10EFE0005C00F9F7C1FBC5E90759C5E90987EE627D
:10EFF00005F15800FBF784F8DAF80C50194BEB6078
:10F000002146C5E90044C5E904446C66AC60AC61C6
:10F01000082205F15C00F9F7A7FB05F15800C5E9E6
:10F020000759C5E90A76C5F82480FBF769F801237A
:10F03000CAF838300448BDE8F047FBF767B8BDE8C8
:10F04000F0470148FBF762B86C30002051EF000830
:10F050006188000889880008C9880008E9880008D4
:10F0600009000100120002000148FBF74DB800BF83
:10F07000683000200148FBF749B800BF6830002025
:10F08000F8B5244F0C460646FBF750FBBA685568A6
:10F09000C4F57E630F3325F003052B4423F47F630F
:10F0A00023F00F03A3F58054B4F5805F07DB002144
:10F0B0003046FBF755FDBB682B44984204D03046E0
:10F0C000FBF73AFB0020F8BD61423046FBF748FDF4
:10F0D00001300DD0104ABB682D1B45F001055D6065
:10F0E000136830461B1B1360FBF726FB0120F8BD9D
:10F0F00000213046FBF734FDBA68831A0F2BDEDDA2
:10F1000043F001035360054B03491B68C01A0860B4
:10F11000D5E700BFE806002070300020F00A00208C
:10F12000002961D0F8B50C460646FBF7FFFA54F803
:10F13000042C7B4FA4F1080522F0010105EB010C22
:10F14000B868DCF80430604523F0030300F08B80DE
:10F15000D207CCF8043032D454F8082CAD1A11443C
:10F16000AA6807F1080082426AD00CEB0304D4F8C5
:10F1700004E0EC68D4601EF0010FA26000F09780FC
:10F1800041F001036B60CCF80010B1F5007F35D27F
:10F190007A68CB0848090121013381401143796025
:10F1A00007EBC30257F83310083AC5E9021247F8D3
:10F1B0003350CD603046BDE8F840FBF7BDBA0CEBEC
:10F1C00003025268D00710D4194407F10800DCF894
:10F1D0000830834273D0DCF80C20DA60936041F091
:10F1E00001036B606950D0E7704741F00103B1F54E
:10F1F000007F44F8043CCCF80010C9D3B1F5206F6F
:10F200004FEA512348D28B0903F1390003F1380248
:10F21000C300F818FB580838984259D05A6822F0B1
:10F2200003028A4202D99B689842F7D1D868C5E99F
:10F2300002308560DD603046BDE8F840FBF77CBAFF
:10F240000CEB03025268D20763D40B44DCE90212D0
:10F25000CA60916043F001026A603046EB50BDE83D
:10F26000F840FBF769BA0B44D10707D454F8082CCF
:10F27000AD1A1344D5E90212CA60916043F001024D
:10F280006A60284ABD6012689A4293D8264B30467D
:10F290001968FFF7F5FE8DE7142B0AD9542B1FD8F8
:10F2A0000B0B03F16F0003F16E02C300B1E71944C9
:10F2B0008DE703F15C0003F15B02C300A9E741F0B5
:10F2C0000103C7E90455C5E902006B60695071E7A5
:10F2D00079689210012404FA02F20A437A60A6E7E0
:10F2E000B3F5AA7F06D8CB0B03F1780003F17702C0
:10F2F000C3008EE740F25452934206D88B0C03F1C0
:10F300007D0003F17C02C30083E74FF47E737E220D
:10F310007FE741F001036B60CCF800104AE700BFC3
:10F32000E8060020F40A0020A03000202DE9F84370
:10F330000746884600F538764FF00009D6E90154B3
:10F34000013D11D4A389012B05F1FF3508D9B4F98A
:10F350000E300133214603D03846C04749EA000940
:10F360006B1C04F16804EDD13668002EE6D14846E6
:10F37000BDE8F8832DE9F0410469B4EB611F2FDD8E
:10F3800000F1140E4E1111F01F0C0EEB84050EEB64
:10F3900086032BD05EF8262004339D4222FA0CF11E
:10F3A000CCF1200818D977461A6802FA08F20A4305
:10F3B00047F8042B53F8041B9D4221FA0CF1F3D8B3
:10F3C000A41BA300053B9B0801330EEB83044EF8FE
:10F3D0002310C9B1043417E0416174460029F9D102
:10F3E0000023036100234361BDE8F0819D4288BF93
:10F3F00000F11002F4D953F8041B42F8041F9D4297
:10F40000F9D8A41B0EEB8404A4EB0E039B107445E7
:10F410000361E7D0BDE8F0812DE9F04FA84C8BB037
:10F420002468059020468946029207930394F2F7D8
:10F4300007FA21460144D9F8003011F801BC997847
:10F440003029024640F0DA816FF00100C01A033320
:10F4500000EB030A1C4613F8011B3029F8D0DFF833
:10F46000648218F80130002B00F0F0802378002728
:10F4700018F803303D4626462BB116F8013F18F820
:10F480000330002BF9D103990192304601F066F95F
:10F49000019A0090002800F09180002D40F09180AA
:10F4A0003378009503F0DF03502B354600F093804E
:10F4B000C9F80060002F40F0AB802B1B013B072BED
:10F4C000394604DD5B10072B01F10101FADC0598D8
:10F4D000049200F0EBFB049A0190002800F0678290
:10F4E000019BAC4203F11406069680F0DC810027F4
:10F4F000C2F10103B946049310E0202F00F091807F
:10F500003946043715F8013C18F80330554603F026
:10F510000F038B40A54249EA030916D915F8013CAF
:10F520005B4505F1FF3AE8D1049B5344A342E4D381
:10F53000184603990992089301F010F9DDE90832A1
:10F540000028DAD11D46A542E8D846F8049B069B60
:10F55000F61A019BB6101E61484600F081FC029B22
:10F5600076011C68301AA04200F3AE80C0F22681FA
:10F570000027029B009A9B689342C0F289810299FE
:10F58000009A4B6893427EDD9D1AAC4200F3BC802A
:10F59000CA68022A00F0BC81032A00F0B481012A63
:10F5A00000F098810598019900F0A6FB5025149A67
:10F5B0000023284613600BB0BDE8F08F002D00F04B
:10F5C0000B81AD1BAB000093337803F0DF03502BAE
:10F5D00035467FF46DAF6B782B2B00F0ED802D2B33
:10F5E0006AD06E1C002018F803104B1E182B61D82F
:10F5F000737818F803301039013623BB00B1494243
:10F60000009BC9F800600B440093002F3FF455AFF6
:10F61000BAF1000F14BF0025062528460BB0BDE83F
:10F62000F08F002146F8049B042789466AE701EB26
:10F63000810103EB4103A3F1100116F8013F18F813
:10F640000330002BDAD0192BF1DDD7E703990092B4
:10F65000204601F083F8009A002873D1A15C18F8C5
:10F660000130A518002B6FD030292C4605D114F895
:10F67000013F302BFBD018F80330B3FA83F77F0932
:10F680004FF0010AF7E6012557B1029BDB68022B18
:10F6900062D0032B64D0012B00F0858045F010056B
:10F6A000149B019A1A60079B009A1A6028460BB0B7
:10F6B000BDE8F08F2E46FBE60120AB78AE1C92E74A
:10F6C000C8330108C8320108019D061B314628468F
:10F6D00000F0D6FF074678B1721E53110699012734
:10F6E00051F8231002F01F0307FA03F30B4203D073
:10F6F000BA4200F3E2800227009B0198334431466E
:10F700000093FFF737FE34E76E1E002F40F0C980EC
:10F71000002E40F0CC807311069A019852F82320F5
:10F7200006F01F06012303FA06F61642294618BF03
:10F7300047F00207FFF71EFE029B5B680093641B05
:10F740000225A1E72178254601F0DF01502900F0CC
:10F75000BD80C9F800505BE7159BC3F10103159309
:10F76000159B002B9AD0019BDDF818901E69002193
:10F770004B464FEA860809EB860003E0984243F8BF
:10F78000041C3FD91F4653F8042BB2F1FF3FF5D0BC
:10F790000132022D3A6000F0C08014F01F0440F0E6
:10F7A000E08021257CE7BA077FF578AF069B1B68D0
:10F7B0001F43FB07D7D471E700207EE7DDE9003166
:10F7C000221A9B1A0598009300F0D4FC03461433C8
:10F7D000019006930027CCE6B35C18F80310B0182C
:10F7E000064600293FF45EAE16F8013F18F80310F4
:10F7F0000029F9D1801B8100009153E69C1C4FF039
:10F80000000A2CE6019B9B689E4280F28D80334665
:10F81000019901EB830201330B61022D4FF00101CD
:10F8200051617AD09E42B8DA002B40F3A780019A4A
:10F8300009EB8303516902F1180083424FEA510139
:10F8400040F2AF804C46026841EAC27144F8041BA2
:10F8500050F8041B83424FEA5101F4D8019A9B1AD5
:10F86000193B9B08013349F8231009EB8303002956
:10F8700040F09B800199A3EB090292104B450A616D
:10F880007FD0029B009A9B6801329342009288DAF3
:10F890000199059800F030FA149A00231360A3250B
:10F8A000BBE6012737E7069E4FF000094DE60198B9
:10F8B000314600F0E5FE07462DE7B11E284600F070
:10F8C000DFFE00283FF417AF032715E7002300935E
:10F8D000012780E6AC427FF465AE012C08D0019888
:10F8E000611E00F0CDFE00283FF45CAE029B5B6819
:10F8F00007990B60019B069901221A610A60149A0C
:10F900006225136089E6159A002A3FF44BAEEFE7B3
:10F91000159A002A7FF446AEEAE7029B1B68013B7A
:10F92000A34232D02225BBE6019B059859680131DC
:10F9300000F0BCF9074600283FD0DDF80490D9F864
:10F940001030494602339A000C310C30F1F754FD67
:10F950004946059800F0D0F907F114093B69019771
:10F9600056E7C844C4F1200458F8040C00F078FAB3
:10F97000A042BFF616AF019B1B6955E7019A002311
:10F980001361019A002353617BE7631104F01F04A4
:10F9900059F823200123A34013420CBF222521251F
:10F9A0007EE6C9F800104B4669B1043362E7074BA5
:10F9B0000748019ADE2100F0BFFF044B04483A4695
:10F9C000842100F0B9FF019B1961DAE7AC3101082D
:10F9D0004032010810B4046809E014F8013FA3F1B3
:10F9E000410CBCF1190F98BF2033934208D111F894
:10F9F000012B002AF1D101340460012010BC7047B2
:10FA0000002010BC704700BF2DE9F04F096885B099
:10FA10004B1111F01F01029002EB8303039140F0A0
:10FA20008E801D1F0193029B01991C68002341F8E1
:10FA3000043C61780134002900F09780DFF8709170
:10FA4000A846AC469A461E460EE0202900F28B805E
:10FA5000B24506DAC44501D2072B5BDD624551D3BE
:10FA6000082314F8011FA1B119F801000028ECD0F7
:10FA70000133082B06F101063ADCDCF8001009011D
:10FA800000F00F000843CCF8000014F8011F002913
:10FA9000EAD1002E69D0E04501D9072B73DD62451C
:10FAA00051D2111F634653F8040B41F8040F9D42D5
:10FAB000F9D2A5EB0C0323F00303691C04330CF10A
:10FAC000010C614538BF04231344002143F8041B93
:10FAD0009D42FBD2019B53F8043C2BB9AA4248D06B
:10FAE00055F8043D002BF9D0052005B0BDE8F08F96
:10FAF0006245B6D200234CF8043C1946ACF1040C24
:10FB00000123BDE70023ACF104084CF8043CB246E5
:10FB1000C446A6E7C3F108018900DCF80030C1F152
:10FB2000200E60468B46416801FA0EF73B430360A6
:10FB300021FA0BF340F8043F4045F4D38EE7191D3A
:10FB400001911D466FE7039B002BC3D0039B0198D7
:10FB5000C3F120014FF0FF33CB4050F8041C0B40A1
:10FB600040F8043CB9E7292909D0042005B0BDE8D4
:10FB7000F08F012305202B6005B0BDE8F08F0299BE
:10FB800001340C6085E7C3F108039B00DCF800102A
:10FB9000C3F120076446666806FA07F00143216056
:10FBA00026FA03F144F8041FA045F4D877E700BF14
:10FBB000C832010888420DD98B1883420AD900EB5C
:10FBC000020CBAB1624613F801CD02F801CD994298
:10FBD000F9D170470F2A0ED8034602F1FF3C4AB113
:10FBE0000CF1010C013B8C4411F8012B03F8012F9F
:10FBF0006145F9D1704740EA01039B0750D1A2F15A
:10FC0000100370B501F1200C23F00F0501F1100E67
:10FC100000F11004AC441B095EF8105C44F8105C61
:10FC20005EF80C5C44F80C5C5EF8085C44F8085C18
:10FC30005EF8045C44F8045C0EF1100EE64504F135
:10FC40001004E9D1013312F00C0F01EB031102F0A3
:10FC50000F0400EB031327D0043C24F003064FEA03
:10FC6000940C1E441C1F8E465EF8045B44F8045F2F
:10FC7000B442F9D10CF1010402F0030203EB840356
:10FC800001EB840102F1FF3C4AB10CF1010C013B94
:10FC90008C4411F8012B03F8012F6145F9D170BD97
:10FCA00002F1FF3C03469BE72246EBE7C36C70B5CD
:10FCB00005460C464BB153F8240080B1026843F866
:10FCC00024200023C0E9033370BD2122042100F069
:10FCD00053FE0346E8640028EDD1002070BD0121E9
:10FCE00001FA04F6721D9200284600F045FE002835
:10FCF000F3D0C0E90146E4E731B1C36C4A6853F878
:10FD00002200086043F82210704700BF2DE9F0413F
:10FD10000D6907460E461C4601F1140E0020DEF860
:10FD200000108BB202FB03434FEA134C090C02FB99
:10FD300001CC01309BB203EB0C4385424EF8043BEF
:10FD40004FEA1C44EBDC3CB1B368AB4207DD06EB89
:10FD5000850301355C6135613046BDE8F08171682D
:10FD600038460131FFF7A2FF8046A8B1326902325E
:10FD700006F10C0192000C30F1F73EFBFB6C72684F
:10FD800053F82210316043F82260464606EB8503A3
:10FD900001355C613561DFE7024B03484246B5211E
:10FDA00000F0CAFDAC310108D43301082DE9F84355
:10FDB0000C4628491E46174603F1080281FB023112
:10FDC000092E4FEAE2730546C3EB610339DD4FF0BC
:10FDD000010C00214FEA4C0C634501F10101F9DCF3
:10FDE0002846FFF763FF014668B3089B4361092F6C
:10FDF0004FF00103036112DC0A340927BE420BDD18
:10FE0000F61B264414F8013B0A22303B2846FFF734
:10FE10007DFFA6420146F5D10846BDE8F88304F10E
:10FE20000909C8463C4418F8013B0A22303B2846E1
:10FE3000FFF76CFFA0450146F5D1A7F108044C443B
:10FE4000DCE70021CCE70A46034B0448CE2100F052
:10FE500073FD00BF398EE338AC310108D43301089B
:10FE6000020C12040346CAB90304102013F07F4F9A
:10FE700004BF1B02083013F0704F04BF1B01043095
:10FE800013F0404F04BF9B000230002B05DB13F042
:10FE9000804F00F1010008BF202070470020E5E7F7
:10FEA0000368024613F0070007D0D9071DD498074E
:10FEB0001FD55B0813600120704799B209B91B0C6C
:10FEC0001020D9B209B908301B0A190704BF1B0951
:10FED0000430990704BF9B080230D90703D45B089C
:10FEE00000F1010003D0136070470020704720200C
:10FEF00070479B0813600220704700BF38B5C36C81
:10FF000004460D464BB15868B0B102685A600022F1
:10FF10000123C0E90435C26038BD2122042100F06C
:10FF20002BFD0346E0640028EDD1094B094800226F
:10FF30004FF4A07100F000FD1C220121204600F0CA
:10FF40001BFD0028F1D001220223C0E90123DEE7D6
:10FF5000AC310108D43301082DE9F04F0E69156961
:10FF6000AE4285B08846144605DB2A462346354610
:10FF70000C4616469846A3686168AF19BB42B8BFE5
:10FF80000131FFF793FE0190002800F08780019B6C
:10FF900003F1140909EB870AD14505D24B4600222B
:10FFA00043F8042B9A45FBD808F1140808EB860B9C
:10FFB00004F11403D8451A4603EB85055FD22B1BC9
:10FFC000153B23F0030304331534A54238BF042343
:10FFD000CDE902A7AC461F46924605E0000C29D1A8
:10FFE000C34509F1040948D958F8040B85B2002D1E
:10FFF000F4D056464C46002356F8040B216882B2D2
:020000040801F1
:100000001FFA81FE05FB02EE000C0A0C734405FB8F
:10001000002202EB13429BB243EA0243B44544F888
:10002000043B4FEA1243E7D849F8073058F8040C6C
:10003000000CD5D0D9F80030544619464D46002260
:100040002688090C00FB06110A449BB243EA0243CE
:1000500045F8043B54F8046B2968360C8BB200FB5E
:10006000063303EB1243A4454FEA1342E8D8C345D5
:1000700049F8073009F10409B6D8DDE902A7002FD5
:1000800002DC05E0013F03D05AF8043D002BF9D013
:10009000019B18461F6105B0BDE8F08F034B044873
:1000A000019A40F25D1100F047FC00BFAC3101083D
:1000B000D433010812F003032DE9F041144606463B
:1000C00032D10D46A41020D0D6F84880B8F1000FE8
:1000D00033D0E3074FF0000707D4641015D0D8F8E9
:1000E0000000A8B18046E307F7D5424629463046CE
:1000F000FFF732FFB5B16968F36C641053F8212043
:100100002A6043F821500546E9D12846BDE8F08130
:10011000424641463046FFF71FFFC8F8000007601F
:100120008046E0E70546D8E7013B0F4A52F8232016
:100130000023FFF7EBFD0546C4E701213046FFF73A
:10014000B5FD804640B1012340F27122C0E904327E
:100150000023B0640360BCE7044B054842464FF4FB
:10016000A07100F0E9FB00BF48350108AC3101087F
:10017000D43301082DE9F0470C4690462669A36860
:10018000496806EB6216751C9D4207464FEA6219E4
:1001900004DD5B009D4201F10101FADC3846FFF706
:1001A00085FD8446002851D0B9F1000F00F11400FC
:1001B0000EDD09F105024FEA820E03460CEB8202C6
:1001C000002143F8041B9342FBD1AEF11403184401
:1001D000216904F1140318F01F0803EB81012DD0ED
:1001E000C8F1200986464FF0000A1A6802FA08F2A0
:1001F00042EA0A024EF8042B53F8042B994222FAE1
:1002000009FAF2D80B1B153B23F00303043304F166
:100210001502914238BF0423BAF1000F18BF2E46D1
:1002200040F803A0FB6C6268CCF8106053F8221011
:100230002160604643F82240BDE8F087043853F857
:10024000042B40F8042F9942F9D8EBE7034B0448FC
:10025000624640F2D91100F06FFB00BFAC310108DB
:10026000D43301080B6984460069C01A15D10CF11A
:10027000140C14310CEB830210B401EB830301E086
:10028000944508D252F8044D53F8041D8C42F7D01F
:1002900004D24FF0FF3010BC70477047012010BCF3
:1002A000704700BF2DE9F84F0F691369FF1A002F3F
:1002B0000E4690467AD101F11405143202EB830206
:1002C00005EB830301E09D4273D253F8041D52F8FD
:1002D000044DA142F7D064D37168FFF7E7FC814673
:1002E000002872D03569D8F81020C76008F1140EC4
:1002F00006F1140009F1140A06F1100C0EEB82024B
:1003000000EB8507564600215EF8044B5CF804BFFD
:10031000A3B211FA8BF1CB1A210CC1EB1B4101EBFB
:1003200023419BB243EA0143724546F8043B4FEA3E
:100330002141E9D8A2EB0804153C08F11508424513
:1003400024F0030606F1040638BF0426304424F0E6
:10035000030238BF002287425244B24416D956469F
:10036000044654F8043B11FA83F10A1402EB1342D9
:1003700089B241EA0243A74246F8043B4FEA2241D0
:10038000EFD87A1E101A20F00302524423B952F813
:10039000043D013D002BFAD0C9F810504846BDE895
:1003A000F88F334601274646984695E7F9DB002744
:1003B00092E70021FFF77AFC814668B10122002311
:1003C000C9E904234846BDE8F88F074B07484A4669
:1003D0004FF4107100F0B0FA034B04484A4640F263
:1003E000322100F0A9FA00BFAC310108D433010872
:1003F0000F4B0B40A3F15073002B02DD0020194678
:1004000070475B42B3F1A07F4FEA235205DA4FF405
:100410000023002043FA02F17047143A1E2ADABF83
:100420004FF0004323FA02F20122002110467047E8
:100430000000F07F2DE9F843066900F1140808EB8D
:100440008606A6F1040956F8047C3846FFF708FD35
:10045000C0F120030A280B6036DDC8451ED2B0F17A
:100460000B0356F8082C26D0C3F1200C22FA0CF10D
:100470009F400F43A6F1080147F07F55884545F49A
:1004800040153AD202FA03F056F80C3C23FA0CF36A
:1004900003431C4620462946BDE8F883B0F10B0310
:1004A00008D007FA03F343F07F55002345F44015C5
:1004B0001C46EFE71A4647F07F5545F440151446B1
:1004C00020462946BDE8F883C0F10B0327FA03F262
:1004D000C84542F07F553CBF56F8082CDA4000F181
:1004E000150328BF002207FA03F345F4401543EA39
:1004F000020420462946BDE8F88302FA03F31C46AD
:10050000C8E700BF70B5012182B016461D46FFF74F
:10051000CDFB044600284BD02B46C5F30A55C3F348
:1005200013030DB143F48013002E019322D06846CB
:100530000096FFF7B5FC002836D0019B0099C0F16A
:10054000200203FA02F20A43C34001936261002BC6
:1005500014BF02210121A3612161ADB1069AA5F268
:10056000334303441360079BC0F1350018602046F5
:1005700002B070BD01A8FFF793FC019B0121C4E903
:1005800004132030002DE9D104EB8102A0F23243A4
:100590001069069A1360FFF763FC079BC0EB4111DB
:1005A0002046196002B070BDDDE900236261CEE72C
:1005B000034B0448224640F20A3100F0BDF900BF67
:1005C000AC310108D43301082DE9F04383B00F4664
:1005D00069468046FFF72EFF04460D46384601A9BE
:1005E000FFF728FFD8F810303A690F469A1ADDE96C
:1005F0000013CB1A03EB4213002B06460BDD05EB71
:1006000003594D4632463B4620462946F0F7DEF870
:1006100003B0BDE8F083C3EB033307EB03510F4690
:10062000F0E700BF0139491101F1010C116902F134
:10063000140303EB81018B4200EB8C0C16D210B536
:10064000A0F1040E53F8044B4EF8044F9942F9D828
:100650008B1A153B23F0030304331844844504D953
:10066000002340F8043B8445FBD810BD844505D9E0
:10067000002340F8043B8445FBD87047704700BF17
:1006800003694A11934200F1140009DA00EB830375
:1006900002E053F8042DC2B98342FAD80020704713
:1006A00010DD11F01F010DD010B450F8224000EB06
:1006B000820324FA01F202FA01F18C420BD00120EC
:1006C00010BC704700EB8203E6E70120704753F847
:1006D000042D002AF3D18342F9D8002010BC7047C2
:1006E000DFF860C0F8B521F00043002763450446F9
:1006F0000D461646176022DC844653EA0C0C1ED0C9
:10070000DFF844C001EA0C0C0A46BCF1000F09D125
:100710000E4B0022EFF730FF6FF0350704460A4614
:1007200021F0004322F0FF421B1522F4E002A3F265
:10073000FE3342F07F553B4445F4001533602046BC
:100740002946F8BDFFFFEF7F0000F07F0000504317
:1007500001490020704700BF0000F87FA2B330B508
:1007600040EA0104A40784460B462AD09CF8000006
:100770000C7884422FD1012A0DD0E64660B11EF8D4
:10078000010F11F8014F6FEA0E03A042134422D16A
:100790001CEB0303F2D1002030BD0468194653F866
:1007A000045BA4F1013EAC4284462EEA040E00F143
:1007B00004000BD1043A84461946ECD01EF0803F69
:1007C000E9D1032AE9D8D1E7104670479CF8000028
:1007D0000C78A042D1D0001B30BD00BF30B540EA3C
:1007E0000104A30701D1032A0FD8844601F1FF3E7B
:1007F00007E01EF8011F03F8011B541EC1B19C46FF
:1008000022466346002AF4D130BD0B468446194681
:1008100053F8045BA5F1013424EA050414F0803F89
:10082000E4D1043A032A4CF8045B1946EFD8DDE71B
:100830006244002CE8D003F8011B9342FBD130BD89
:100840002DE9F04F936883B09146002B6DD0176867
:100850008D6880460C460868083743E0A38913F486
:10086000906F2ED0D4E90415A0EB010A05EB4505E5
:1008700005EBD5750AEB06006D100130A8422A463B
:1008800084BF05462A465B0536D511464046F9F732
:1008900065FC00283AD0524621690190F0F7ACFD82
:1008A000A289019B22F4906242F08002A281A5EB12
:1008B0000A0203EB0A006561A260236120603546ED
:1008C000B24659465246FFF775F9D9F80830A16883
:1008D00020684D1B50449E1BA5602060C9F808602D
:1008E0001EB3083757E902B6002EFAD0B542AA4621
:1008F000B4D93546B246E4E74046F9F745FF03462A
:100900000028D4D121694046FEF70AFC0C23C8F820
:100910000030A389002243F040034FF0FF30A38151
:10092000C9E9012203B0BDE8F08F0020C9F8040036
:1009300003B0BDE8F08F00BF00B50B4C256814462E
:10094000EE681A4685B003460D464CB1074900953E
:10095000CDE901143046064900F0B0F801F078F80E
:1009600004490C46F3E700BF4C0100205435010850
:1009700064350108F42C010838B5A1FB02148CBBC6
:10098000F9F7ECFB0546E0B150F8042C22F0030225
:10099000043A242A17D8132A1AD91B2AC0E900447A
:1009A0001DD9242A14BF00F1100200F118024FF0E3
:1009B0000003C0E9024404BF04614461C2E900339A
:1009C0009360284638BD2146F7F7CEFE284638BD4D
:1009D00002460023C2E900339360284638BD00F187
:1009E0000802F6E7F7F796FE0C2300250360E8E718
:1009F00070B500294BD006460C4610B1836B002B16
:100A000048D0636ED80734D5B4F90C30002B3ED0F3
:100A100021463046FEF7DEF9E36A054633B1E16967
:100A2000304698470028B8BF4FF0FF35A3891A0613
:100A30003BD4216B41B104F14003994202D03046CE
:100A4000FEF76EFB00232363616C21B13046FEF795
:100A500067FB00236364FEF707FB636E0022DB077E
:100A6000A28127D5A06DF9F74DFBFEF703FB2846C1
:100A700070BDA3899905CBD4A06DF9F745FBB4F9F6
:100A80000C30002BC4D1656E15F0010508D000258F
:100A9000284670BDFEF762FA636ED807B4D4E8E763
:100AA000A06DF9F733FB284670BD21693046FEF78B
:100AB00037FBBEE7A06DF9F729FBD3E70EB410B5FD
:100AC00083B005AB064C53F8042B01930146206814
:100AD00000F044F803B0BDE8104003B0704700BF19
:100AE0004C0100202DE9F84F4B6E9C0490462DD50B
:100AF0009368126843B38B46064602F1080959E928
:100B0000025A5FEA9A0715D0043D002401E0A7428B
:100B10000ED055F8041F5A46304600F0F5FF431C2E
:100B200004F10104F3D10023C8E90133BDE8F88FD3
:100B3000D8F808302AF0030AA3EB0A03C8F80830F3
:100B400009F10809002BDAD10020ECE701F010F8D8
:100B50000023C8E90133BDE8F88F00BF2DE9F04F4D
:100B6000BDB0CDE904301C460191174618B1836B26
:100B7000002B00F08682019A536EDE0740F18F81D0
:100B8000B2F90C108AB2900408D441F400520199D1
:100B90004B6E8A8123F4005392B24B66110740F1E9
:100BA000F780019B1B69002B00F0F28002F01A0312
:100BB0000A2B00F0FB8013AB10930023CDE9113317
:100BC000CDE90A3308930DF14C09099303933B785F
:100BD000002B00F051813C4604E014F8013F002B4B
:100BE00000F02C81252BF8D1E51B40F029812378DA
:100BF000002B00F041814FF0000300258DF83B30C1
:100C0000671C637802954FF0FF3B2B240137A3F15B
:100C100020025A2A00F25281DFE812F098025001B5
:100C2000500194025001500150016A0050015001DE
:100C300036026B0250014102A6025001A2025B0083
:100C40005B005B005B005B005B005B005B005B00CC
:100C5000500150015001500150015001500150010C
:100C600050012302840050015001500150015001F5
:100C700050015001500150015001DD005001500160
:100C80005001070250015902500150011E05500148
:100C900050015001500150015001500150015001CC
:100CA0005001230286005001500150014F0286007E
:100CB00080005001450250018102DF006F02800078
:100CC000500107027E003E055001500140055001D1
:100CD0007E00A3F13002002117F8013B01EB8101F6
:100CE00002EB4101A3F13002092AF5D902918EE706
:100CF000DDF814804046F9F7FFF943680A93184677
:100D0000F0F79EFD0B9006464046F9F7F5F983682B
:100D10000993002E40F07B843B7877E73B7845F0E1
:100D2000200573E745F01005AC06049E40F16F8185
:100D3000073626F007063246736852F8086B0492AD
:100D40009846002BC0F22D84BBF1FF3F00F01085C8
:100D500056EA080325F0800A00F008840A2E78F18C
:100D6000000380F0BD84303601238DF8EF605546D6
:100D700000930DF1EF04DDF800809DF83B30D8457D
:100D8000B8BFD846002B00F0A88008F10108A4E005
:100D9000019D0598294600F0F1FD002840F0888566
:100DA000AA8902F01A030A2B7FF405AF0199B1F961
:100DB0000E30002BFFF6FFAE4B6EDE0702D495051A
:100DC00040F156850199059823463A463DB0BDE865
:100DD000F04F00F093BD45F0100515F0200800F02D
:100DE0000781049E073626F007063346D6F80480AE
:100DF00053F8086B049325F4806A00234FF0000237
:100E00008DF83B20BBF1FF3F00F0C88156EA080295
:100E10002AF0800540F0C181BBF1000F40F0AB84A7
:100E2000002B40F0A8831AF00103009300F0D68352
:100E300030238DF8EF300DF1EF049CE7E51B1BD05C
:100E4000119B129A01332A44072BC9E900751292AB
:100E5000119305DC09F10809039B2B440393C6E6B3
:100E6000002A00F07F830199059810AAFFF73AFE47
:100E700040B90DF14C09EFE7129B002B40F00985BA
:100E800000231193019A536ED90740F1A6809389EC
:100E90005B0600F1198503983DB0BDE8F08F019B1A
:100EA000B3F90C108D058AB23FF56DAE1D46986DF5
:100EB000F9F72AF9B5F90C108AB264E6002BDBD0F9
:100EC0008DF88C304FF001084FF000038DF83B3067
:100ED000CDF8008023AC4FF0000B15F00203069311
:100EE00018BF08F1020815F08403079305D1029B8F
:100EF000A3EB0806002E00F36C82DDE91121501CE3
:100F00009DF83B608EB10DF13B020131C9F8002024
:100F100007284FF00102CDE91101C9F8042000F3C0
:100F20003B82024609F108090130069BDBB10FAB99
:100F30000231C9F8003007284FF00203CDE9110152
:100F4000C9F8043040F34082002900F0068301997B
:100F5000059810AAFFF7C6FD002893D1DDE91121FD
:100F60000DF14C09501C079B802B00F05881009B11
:100F7000ABEB0306002E00F3B681009BC9F80040DE
:100F800019440728CDE91101C9F8043040F3448120
:100F9000002900F072820199059810AAFFF7A2FDBE
:100FA00000287FF46FAF12990DF14C09680705D541
:100FB000029BA3EB0804002C00F36982DDE9022305
:100FC0004245ACBF9B1843440393002940F0D581B0
:100FD000002311930DF14C09F9E5019B9B899A05BA
:100FE0003FF556AF019CA06DF9F790F8A3894FE744
:100FF00015F0100340F0238315F0400200F0EB835E
:10100000049A52F8046B04929846B6B2F3E656F886
:10101000043B0496E80600F1ED82690640F1E782A0
:1010200043F3C0381EB243468BE6049E56F8044B89
:101030004FF000038DF83B30002C00F0B183BBF182
:10104000FF3F00F02E835A4600212046F0F768FC4F
:10105000002800F01284031B009304964FF0000B4D
:1010600089E6049E4FF000038DF83B304FF00108F5
:1010700056F8043B8DF88C300496CDF8008023ACF4
:1010800029E7FDF76BFF76E5049B53F8042B0292EA
:10109000002A80F29F82029A0493524202923B7885
:1010A00045F00405B2E53B786C2B03BF7B7845F037
:1010B0002005013745F01005A8E53B78682B03BFF4
:1010C0007B7845F40075013745F040059EE545F015
:1010D000100A1AF0200800F05582049E073626F008
:1010E00007063346D6F8048053F8086B04930123AF
:1010F00084E63B788DF83B4088E5049B53F8046B0D
:10110000049330238DF83C3078238DF83D30B94B73
:10111000089345F0020A4FF0000802236EE6AE067F
:1011200000F18382EC0600F13383680600F19283BC
:10113000A90540F12D83049E039A56F8043B0496BA
:101140001A7044E53B7845F001055FE59DF83B30BA
:10115000002B7FF4E1AD20238DF83B303B7855E543
:101160003B7845F0800551E5394611F8013B2A2BC3
:1011700000F0B383A3F13002092A0F464FF0000BB1
:101180003FF645AD17F8013B0BEB8B0B02EB4B0B1E
:10119000A3F13002092AF5D939E5AA46012B3FF41B
:1011A000DDAD022B3CAC12D1089A06F00F033609D4
:1011B000D35C04F8013D46EA08764FEA181856EA6F
:1011C0000803F2D13CAB1B1B55460093D3E506F058
:1011D0000703F60846EA48764FEAD808303356EA5D
:1011E0000801224604F8013DF1D11AF0010FE9D0BF
:1011F000302BE7D03023023A04F8013C3CAB9B1A79
:10120000554600931446B6E50099139401231491B2
:10121000129111930DF14C0909F10809C6E6029BE0
:10122000A3EB0806002E7FF7A2AE102E40F35183E9
:10123000DFF8C4A15346CDE906B4BA46DDF814B0D0
:10124000019C2F461D4607E002F1020C09F1080936
:101250000246103E102E1EDD501C103110230728B0
:10126000CDE91101C9F80050C9F80430ECDD10AA2D
:10127000002900F08B80214658460DF14C09FFF7FC
:1012800031FC00287FF4FEADDDE91121103E102E67
:1012900002F1010CE0DCDDE906B42B463D46574681
:1012A0009A463144BCF1070FCDE911C1C9F800A03D
:1012B000C9F8046040F39581002900F0BB820199D0
:1012C000059810AAFFF70EFC00287FF4DBAD009B09
:1012D000DDE91121ABEB0306002E02F101000DF157
:1012E0004C097FF74AAE102EDFF80CA131DD5346D2
:1012F000CDE90645BA46059C019D4FF0100B1F46EF
:1013000007E002F1020C09F108090246103E102E16
:1013100019DD501C10310728C9E9007BCDE9110106
:10132000EFDD10AA19B3294620460DF14C09FFF74D
:10133000D9FB00287FF4A6ADDDE91121103E102E67
:1013400002F1010CE5DCDDE906453B466046574607
:101350009A4631440728CDE91101C9F800A0C9F81F
:10136000046000F3E68009F10809013005E64FF05A
:10137000010C0A460DF14C09C8E70199059810AA1D
:10138000FFF7B0FB00283FF423AE7BE54FF0010CE4
:101390000A460DF14C095CE7002900F0DB80019959
:1013A000059810AAFFF79EFB00287FF46BADDDE9DE
:1013B00011210DF14C09501CB7E502210FAB14911E
:1013C000139301200DF14C09024609F10809501C44
:1013D000C9E5102E40F35782DDE911C1DFF81CA0EA
:1013E000CDE90CB410235446DDF804B0DDF814A0A8
:1013F00062460DE048310108A43501089435010822
:1014000002F1020C09F108090246103E102E1BDD04
:10141000501C10310728C9E90043CDE91101EFDD67
:1014200010AA21B3594650460DF14C09FFF75AFB5B
:1014300000287FF427ADDDE91121103E102E02F1C6
:10144000010C4FF01003E3DCA246DDF830B00D9C38
:1014500062463144072ACDE91121C9F800A0C9F834
:10146000046000F3A78009F10809501C48E50A460A
:101470004FF0010C0DF14C09C7E76C07119150D5E5
:10148000029BA3EB0804002C4BDD0DF14C09102C42
:1014900040F30982DFF8ECA2119A059EDDF804B052
:1014A00053461025BA461F4606E0901C09F108096C
:1014B0001A46103C102C19DD531C1031072BC9E9BA
:1014C0000075CDE91131F0DD10AA29B35946304637
:1014D000FFF708FB00287FF4D5ACDDE91121103CB3
:1014E000102C02F101000DF14C09E5DC3B4657469A
:1014F0009A4621440728C9E900A4CDE911017FF7E4
:101500005DAD71B10199059810AAFFF7EBFA0028BB
:101510007FF4B8AC129951E501200A460DF14C094F
:10152000C7E7DDE902234245ACBF9B184344039360
:101530004EE500293FF468AE0199059810AAFFF71F
:10154000D1FA00287FF49EAC1198129901300DF168
:101550004C0912E5069B002B77D101200A460DF1BC
:101560004C0900E511920DF14C0975E4BBF1000F37
:101570007FF4F9AB55464FF0000BCDF800B03CAC12
:10158000FFF7F9BB1AF010033AD11AF0400200F04D
:101590001381049A52F8046B04929846B6B2012360
:1015A0002CE42D2376428DF83B3068EB4808AA46A0
:1015B000012327E400297DD00199059810AAFFF79F
:1015C00091FA00287FF45EACDDE911210DF14C09A0
:1015D000501C95E404933B78FFF718BB3CACFFF735
:1015E000CABB09F108090CF101006246BFE4AA0573
:1015F00000F138814FEAE3781E464346FFF7A1BB6E
:10160000049B53F8046B04930123FFF7F7BB099B7A
:10161000002B3FF481AB099B1B78002B3FF47CAB84
:101620003B7845F48065FFF7F1BADDE9031656F81B
:10163000042B0496CB17C2E90013FFF7C8BA049B2A
:1016400053F8046B0493FFF7D6BB02210FAB149140
:1016500013930DF14C09B8E64B4A089215F0200897
:1016600036D0049E073626F007063246D6F80480A8
:1016700052F8086B0492EA0709D556EA080206D028
:101680008DF83D30302345F002058DF83C3025F4CF
:10169000806A0223FFF7B2BBAA461AE53B4A0892CA
:1016A000DCE720460496F0F7CBF84FF0000B0090F3
:1016B000FFF761BB9DF83B20002A00F0C1800120AC
:1016C0000DF13B02149013920DF14C09014628E4F0
:1016D00015F0100242D0049A52F8046B0492CAE743
:1016E0000AF48063CDF800B0CDF81890BB46DDF861
:1016F000249000253CAC1F4609E030464146EFF7F8
:10170000F9FC0A2E78F100031BD3064688463046C2
:1017100041460A220023EFF7EDFC1146303104F870
:10172000011C0A220023013C0135002FE5D099F865
:101730000010A942E1D1FF2DDFD00A2E78F100037D
:1017400064D23CAB1B1BCDF824905F46DDF81890AB
:10175000DDF800B000935546FFF70DBB15F04001D2
:1017600047D0049951F8046B04919046B6B282E7D1
:10177000AA46FFF7F3BA012BAA467FF412ADFFF792
:10178000F2BA00BF943501085C3101084831010804
:10179000049E039A56F8043B1A600496FFF717BAA2
:1017A000BBF1060FD84628BF4FF00608504CCDF8C5
:1017B00000800496FFF78FBB049B1AF4007814BFD7
:1017C00053F8046B53F8046B04931CBF9046F6B2B5
:1017D0000123FFF713BB049B15F4007814BF53F8E3
:1017E000046B53F8046B04931CBF9046F6B2FFF7EA
:1017F00002BB049A15F4007814BF52F8046B52F837
:10180000046B04921CBF8846F6B234E70B9B0A991E
:10181000E41A1A462046FEF7E1FF99F801300BB1B1
:1018200009F10109304641460A2200230025EFF75D
:1018300061FC6AE701200A460DF14C09FFF797BBEE
:10184000069B002B7FF4B9AD0A4601200DF14C092F
:10185000FFF78DBB049E039A56F8043B04961A804A
:10186000FFF7B5B943F3C0185EB24346FFF769BA54
:10187000886DF8F74BFCFFF7A5BACDF800B00496D9
:101880008346FFF778BA119A1299DFF868A00132FF
:10189000DFE50199059810AAFFF724F900283FF425
:1018A000EFAAFFF7EFBA1198DFF848A0013020E661
:1018B000019B5B6EDB0707D4019B9B899F0503D4CB
:1018C000019B986DF8F722FC4FF0FF330393FFF76D
:1018D000E2BADFF824A08446E3E4049A7B780F465A
:1018E00052F8041B049241EAE17BFFF78FB900BF75
:1018F0007031010894350108A4350108F0B51F4680
:101900008B89ADF26C4D23F00203ADF80C304B6EB9
:101910001993CB89ADF80E30CB6907934B6A0993C5
:101920001AAB009304934FF4806315460646029366
:10193000059316A800230C460693F8F7E1FB2A4608
:101940003B4669463046FFF709F9051E07DB694645
:101950003046FDF7CFFA002818BF4FF0FF35BDF82D
:101960000C305B0603D5A38943F04003A38116988E
:10197000F8F7C8FB28460DF26C4DF0BD38B5334B77
:101980001B6805460C460BB19A6B12B3B4F90C30C8
:1019900018079AB225D5216900292DD012F001002F
:1019A00007D00020A06060694042A06139B10020EA
:1019B00038BD950758BF6069A0600029F7D11206AD
:1019C00058BF0846F4D543F04003A3814FF0FF30E1
:1019D00038BD1846FDF7C2FAB4F90C3018079AB2B0
:1019E000D9D4D1062AD5520714D4216943F008036B
:1019F000A3819AB20029D1D102F42070B0F5007F02
:101A0000CCD02146284600F027FAB4F90C302169E1
:101A10009AB2C3E7216B51B104F14002914204D064
:101A20002846FDF77DFBB4F90C30002222632169C2
:101A30000022C4E9001223F02403D7E7092243F06F
:101A400040032A604FF0FF30A38138BD4C010020D5
:101A500008B5062000F070FA0120F1F75FFC00BF26
:101A60002DE9F04383B0074688461446F8F73EFB5D
:101A7000012803D108F1FF33FE2B37D9424604F188
:101A80005C0301A9384600F0F5FA421C064633D043
:101A900038B39DF804C00DF10509002509E023685D
:101AA0005A1C226083F800C00135B54219D219F8DA
:101AB00001CBA368013B002BA360F0DAD4F818E057
:101AC000734561462246384602DBBCF10A0FE6D177
:101AD00000F078FA431CE7D10646304603B0BDE873
:101AE000F0834646304603B0BDE8F0835FFA88FCD9
:101AF0008DF804C00646CEE7A389304643F0400384
:101B0000A38103B0BDE8F08330B5536E13F0010F2D
:101B1000B2F90C30144683B005469AB201D198054B
:101B20001CD5900406D4626E43F4005342F4005274
:101B3000A381626622462846FFF792FF636EDA07AA
:101B4000054602D4A3899B0502D5284603B030BDC3
:101B5000A06DF8F7DBFA284603B030BDA06D019107
:101B6000F8F7D2FAB4F90C3001999AB2D9E700BF6C
:101B70009368002B00F081802DE9F04FB1F90C3013
:101B80000C461907804683B0174698B223D52369BF
:101B90000BB310F002033D682BD04FF0000ADFF8C2
:101BA000B4B256465E453346524628BF5B46404671
:101BB000002E4FD0E169D4F824C0E047002852DD60
:101BC000BB681B1A8244361ABB60002BEAD1002086
:101BD00003B0BDE8F08F21464046FFF7CFFE002856
:101BE00040F03481B4F90C303D6898B210F0020333
:101BF000D3D110F0010942D14E463EB38205D4F84C
:101C000008B040F18180B3455A4600F2B18010F42B
:101C1000906F40F0BE80206801924946FDF7CAFFF0
:101C2000A3682168019AA3EB0B030A44B246A360A0
:101C300022600026B868A0EB0A00D144B8600028F2
:101C4000C5D0B4F90C0080B2002ED7D1D5E90096EA
:101C50000835D2E7D5E900A60835A3E72146404676
:101C6000FDF748F980B3B4F90C3043F040034FF06E
:101C7000FF30A38103B0BDE8F08F002070471E46FF
:101C8000AA46994618461D4656B388B34A46D4E933
:101C900004132068B24228BF3246884205D9A168A1
:101CA00003EB010B5A4500F3A780934264DCE16922
:101CB000D4F824C02A464046E047B0F1000BD2DDFC
:101CC000B9EB0B09CAD00120BB68A3EB0B035D4441
:101CD000A6EB0B06BB60002B3FF479AF002ED4D1EE
:101CE0000AF1080353E902569A460833002EF9D048
:101CF00032460A212846EFF713FE002800F09D80A7
:101D00000130A0EB0509C1E720682369984217D884
:101D10006369B34214D86FF00042B24228BF324622
:101D2000E16992FBF3F2D4F824C002FB03F34046CE
:101D30004A46E047B0F1000A95DDA6EB0A0679E7CE
:101D4000B345DA4628BFB24652464946FDF732FF50
:101D5000A3682268A3EB0A035244A3602260002B0D
:101D6000EBD121464046FDF7C5F80028E5D07AE7DB
:101D70002068B34632464FE729460192FDF71AFF25
:101D8000019AA3689B1AA3602368134423609346B7
:101D900096E723682169A3EB010B636903EB430A10
:101DA0000AEBDA7A0BF101034FEA6A0A334453452E
:101DB000524684BF9A46524643052CD511464046AA
:101DC000F8F7CCF900283BD05A4621690190EFF78B
:101DD00013FBA289019B22F4906242F08002A2814F
:101DE00003EB0B002361AAEB0B03C4F814A0A36060
:101DF0002060B34632460FE729465A46FDF7DAFE21
:101E000023685B44236021464046FDF773F80028B1
:101E10003FF456AF27E74046F8F7B6FC03460028E4
:101E2000DED121694046FDF77BF9B4F90C300C2274
:101E300023F08003C8F8002017E7721C914626E7BC
:101E40000C22B4F90C30C8F800200EE74FF0FF3038
:101E5000BEE600BF00FCFF7F2DE9F0418B890C46F8
:101E6000990796B008D504F143030122C4E904326E
:101E7000236016B0BDE8F081B4F90E1000290646C3
:101E800027DB6A4600F014F9002821DB019D05F4E8
:101E90007045A5F50055B5FA85F54FF480686D09D4
:101EA0004FF4006741463046F8F758F9B4F90C3062
:101EB000F0B1204AF26343F08003C4F81480A38198
:101EC0002060206135BB3B43A38116B0BDE8F081A3
:101ED000A38913F0800519D04FF0400841463046E1
:101EE000F8F73CF90025B4F90C302F460028E0D172
:101EF0009A05BED423F0030304F1430243F0020326
:101F00000121C4E90421A3812260B2E74FF4806873
:101F10002F46C7E7B4F90E10304600F0DFF810B9CD
:101F2000B4F90C30CFE7A38923F0030343F0010396
:101F30001BB2C8E751EF000838B5154B1F281D68C4
:101F400020D8D5F8DC22044662B152F820304BB1DB
:101F5000012B15D0591C0FD0002542F8205098476E
:101F6000284638BD284600F02BF822460146284670
:101F7000BDE8384000F00EB816232B60012038BDB4
:101F8000002038BD16232B604FF0FF3038BD00BF56
:101F90004C01002070B50C46084D03460026204633
:101FA00011461C462E60F1F7B1F9431C00D070BDFC
:101FB0002B68002BFBD0236070BD00BFA430002035
:101FC000F1F7A2B9F8B50D461446064610B1836B79
:101FD000002B43D0B4F90C20A369A360170790B27B
:101FE0001BD52369CBB1EDB281042F4622D52268DF
:101FF0006169D31A994229DD0133A1680139A160D1
:10200000511C2160157062699A422AD0A389DB07AE
:1020100001D50A2D25D03846F8BD21463046FFF7B8
:10202000ADFC20BBB4F90C20236990B2EDB2810461
:102030002F46DCD442F40052A281626E616922F420
:10204000005262662268D31A9942D5DC2146304696
:10205000FCF750FF58B922680123CEE7FCF77EFF5A
:10206000B8E721463046FCF745FF0028D3D04FF0B3
:10207000FF37D0E770B5054684B01C4639B10B4E2A
:10208000D6F8E060B047431C09D004B070BD0A46E2
:102090000649D1F8E06001A9B047431CF5D1002200
:1020A0008A2322602B6004B070BD00BF7C05002035
:1020B00070B50C46084D03460026204611461C46C6
:1020C0002E60F1F752F9431C00D070BD2B68002B35
:1020D000FBD0236070BD00BFA430002038B5074D91
:1020E0000022044608462A60F1F744F9431C00D058
:1020F00038BD2B68002BFBD0236038BDA4300020F6
:10210000F8B504460D4600F04FF8224606460F4645
:102110002B4620462946EFF753FC40B92046294676
:1021200000F0A0FD084B0022EEF7B6FC10B93046D7
:102130003946F8BDF6F7EEFA034621221A60034845
:10214000BDE8F840FEF704BB0000F03FF42C0108A6
:1021500000F062BAF8B504460D4600F027FB2246AF
:1021600006460F462B4620462946EFF729FC30B994
:102170002046294600220023EEF770FC10B93046B5
:102180003946F8BDF6F7C6FA002200232121016086
:1021900010461946EEF71AFB06460F4630463946FA
:1021A000F8BD00BF000000002DE9704FC44B21F0C6
:1021B0000048984586B004460D4633DD08F1404896
:1021C00008F58018034658EA03030ED002460B4672
:1021D000EEF71AF80B460246EEF7F8FA04460B46FD
:1021E0002046194606B0BDE8708F99A3D3E90023B5
:1021F000EEF7C2F922462B4604460D461046194614
:1022000095A3D3E90023EEF7B7F902460B46204623
:102210002946EDF7FBFF04460B462046194606B05B
:10222000BDE8708FA74B98450E460FDCB8F1795F7B
:1022300080F250818AA3D3E90023EDF7E7FFA24B98
:102240000022EEF729FC002840F0FF8020462946B6
:1022500000F008FD02460B4600209B49EDF7D4FF35
:102260009A4B0022EEF788F97FA3D3E900230446B6
:102270000D46EEF781F97EA3D3E90023EDF7C6FF03
:1022800022462B46EEF778F97BA3D3E90023EDF73E
:10229000BBFF22462B46EEF76FF979A3D3E9002363
:1022A000EDF7B4FF22462B46EEF766F976A3D3E9A5
:1022B0000023EDF7A9FF22462B46EEF75DF974A344
:1022C000D3E90023EDF7A2FF22462B46EEF754F99F
:1022D00071A3D3E90023CDE9000120462946EEF79A
:1022E0004BF96FA3D3E90023EDF78EFF22462B466F
:1022F000EEF742F96CA3D3E90023EDF787FF2246FE
:102300002B46EEF739F96AA3D3E90023EDF77CFFFA
:1023100022462B46EEF730F96B4B0022EDF776FFA5
:10232000CDE902012046294600F040FA684B984565
:1023300082468B4668DC02460B46EDF767FFDDE917
:102340000223CDE90401DDE90001EEF73FFA024680
:102350000B46DDE90401EEF70FF94FF00008CDE977
:10236000000142465B4640465946EEF705F90246F3
:102370000B4620462946EDF747FF424604460D46E8
:102380005B4650465946EDF741FF02460B46204654
:102390002946EEF71BFA02460B46EDF737FF0246D9
:1023A0000B462DA1D1E90001EDF72EFF02460B46A9
:1023B000DDE90001EDF728FF424604460D465B4685
:1023C00040465946EDF722FF02460B463AA1D1E9B5
:1023D0000001EDF719FF02460B4620462946EDF7AE
:1023E00013FF0B46024634A1D1E90001EDF70CFFC3
:1023F00004460B46002E3FF7F3AE03F100432046A0
:10240000194606B0BDE8708FDDE90223DDE9000161
:10241000EEF7DCF952465B46EEF7AEF852465B4605
:10242000EDF7F4FE02460B46EDF7F0FE0AA3D3E902
:102430000023EDF7E9FE0B46024605A1D1E90001B4
:10244000EDF7E2FE04460B46D4E72B46C8E600BF94
:10245000182D4454FB21F93F075C143326A6913C08
:102460009C7500883CE4377E09F7FD0DE13D023F95
:1024700088B20175E0EF493F3B8F68B52882A43FE1
:102480005544880E55C1C93F7D6FEB0312D6D43F2A
:10249000555555555555C53F82922EB1C5B8B33FD8
:1024A00059018D1B6C06E63FC88A599CE52A0040FD
:1024B0004B2D8A1C273A0340182D4454FB21E93F39
:1024C000FFFFEF3FFFFFDF3F0000F03F0000E03F76
:1024D0003233EF3F02460B46EEF74EF838A3D3E90E
:1024E000002380468946EEF747F837A3D3E9002357
:1024F000EDF78CFE42464B46EEF73EF834A3D3E9A7
:102500000023EDF781FE42464B46EEF735F832A345
:10251000D3E90023EDF77AFE42464B46EEF72CF85E
:102520002FA3D3E90023EDF76FFE42464B46EEF7AB
:1025300023F82DA3D3E90023EDF768FE42464B466E
:10254000EEF71AF82AA3D3E9002382468B464046C9
:102550004946EEF711F828A3D3E90023EDF754FE1E
:1025600042464B46EEF708F825A3D3E90023EDF7E2
:102570004DFE42464B46EDF7FFFF23A3D3E9002370
:10258000EDF742FE42464B46EDF7F6FF204B0022A8
:10259000EDF73CFE02460B4650465946EEF716F95B
:1025A00022462B46EDF7E8FF22462B46EDF72EFE9E
:1025B00004460B462046194606B0BDE8708F00BFA2
:1025C00009F7FD0DE13D023F88B20175E0EF493F9B
:1025D0003B8F68B52882A43F5544880E55C1C93F3A
:1025E0007D6FEB0312D6D43F555555555555C53F14
:1025F00082922EB1C5B8B33F59018D1B6C06E63FE0
:10260000C88A599CE52A00404B2D8A1C273A034072
:102610000000F03F000000002DE9F84F9E465342B5
:10262000DFF87C9113432EF0004848EAD3734B4502
:1026300016460D4607463DD84442044321F0004A61
:102640004AEAD4744C4503468B4633D80EF14044D5
:1026500004F5801414433DD04FEAAE7404F0020434
:102660005AEA030344EAD1742CD058EA020335D065
:10267000C84546D0CA4531D0AAEB0808B8F1747FE6
:102680004FEA285339DABEF1000F46DA3C3344DA18
:1026900000200021012C58D0022C49D084B134A351
:1026A000D3E90023EDF7B0FD33A3D3E90023EDF721
:1026B000ABFD05E03A46304671462B46EDF7A6FDE8
:1026C000BDE8F88F022C10D0032CF9D12CA1D1E950
:1026D0000001F5E7BDE8F84F00F02EB9BBF1000F9F
:1026E00007DB29A1D1E90001EAE723A1D1E9000133
:1026F000E6E727A1D1E90001E2E723A1D1E9000142
:10270000C8E7C24504F1FF3423D0022C29D8254B59
:1027100003EBC404D4E90001D2E7324673463846DD
:102720002946EEF753F800F09DFA00F005F9B1E7FD
:102730000FA3D3E90023EDF767FD02460B460EA178
:10274000D1E90001EDF760FDBAE701F10043194658
:10275000B6E7022C08D8144B03EBC404D4E90001FB
:10276000AEE700200021ABE70BA1D1E90001A7E70C
:10277000075C143326A6A13C182D4454FB210940C4
:10278000182D4454FB2109C0182D4454FB21F93F56
:10279000182D4454FB21F9BF182D4454FB21E93F67
:1027A0000000F07FD0350108B8350108614A8A433E
:1027B0002DE9F84305460C4600F09E8000290B46A3
:1027C000844654DD091562D0C3F31303C807A1F290
:1027D000FF3743F4801304D45B0003EBDC734FEA50
:1027E0004C0C4FEADC72002602EB43037F104FEAE9
:1027F0004C0C4FF0160E34464FF40012A1189942BB
:1028000002DC5B1A8C1816445B00BEF1010E03EB70
:10281000DC734FEA52024FEA4C0CEFD17546202090
:102820004FF000420AE043D04FEADC71013801EB7F
:1028300043034FEA4C0C4FEA520242D0A34202EB50
:102840000E01F0DD002901EB020E0ADBA0461B1B86
:10285000614588BF03F1FF33ACEB010C15444446DE
:10286000E2E7BEF1000FF1DB04F10108EFE721F030
:102870000042024336D000294CD14FEADC22153900
:1028800013464FEA4C5C002AF7D0D6024CD4002005
:102890005B00DD02044600F10100F9D51A466346EB
:1028A0000CFA00FCC0F12000C340091B13438BE766
:1028B0006145B9D8002901EB020ED2DB984600230E
:1028C000CAE753EA0C0311D16808731003F17F5370
:1028D00003F50013F20748BF40F0004003EB07592F
:1028E00005464C4628462146BDE8F883691C16BFBC
:1028F000681C01364008E8E702460B46EDF73CFE4F
:102900002A462346EDF782FC05460C46284621461A
:10291000BDE8F8830246EDF777FC02460B46EDF77B
:1029200055FF05460C46DDE7634620204FF0FF3497
:10293000BAE700BF0000F07F2DE9F84FBC4B21F053
:1029400000469E4204460D468A461CDDB94B9E4217
:102950000DDC0AD0B84BB94AB94CBAF1000FD8BF58
:10296000134620461946BDE8F88F0028F2D02246CB
:102970002B4620462946EDF749FC04460B462046E7
:102980001946BDE8F88FAF4B9E4200F3B080A3F12B
:10299000DE739E4240F39D804FF0FF3B22462B4664
:1029A00020462946EDF7E8FD02460B46804689465B
:1029B000EDF7E2FD86A3D3E9002306460F46EDF7C7
:1029C000DBFD85A3D3E90023EDF720FC32463B462F
:1029D000EDF7D2FD82A3D3E90023EDF717FC3246D1
:1029E0003B46EDF7C9FD80A3D3E90023EDF70EFCCC
:1029F00032463B46EDF7C0FD7DA3D3E90023EDF75A
:102A000005FC32463B46EDF7B7FD7BA3D3E9002337
:102A1000EDF7FCFB42464B46EDF7AEFD78A3D3E95C
:102A200000238046894630463946EDF7A5FD76A35A
:102A3000D3E90023EDF7E8FB32463B46EDF79CFD7A
:102A400073A3D3E90023EDF7DFFB32463B46EDF7F6
:102A500093FD71A3D3E90023EDF7D6FB32463B4645
:102A6000EDF78AFD6EA3D3E90023EDF7CDFB3246E7
:102A70003B46EDF781FDBBF1FF3F02460B4640466A
:102A8000494656D0EDF7C2FB6F4E22462B46EDF776
:102A900073FD6E4B06EBCB064FEACB0B9B44DBE999
:102AA0000023EDF7B1FB22462B46EDF7ADFB0B46BD
:102AB0000246D6E90001EDF7A7FBBAF1000F044684
:102AC0000B46BFF64EAF01F1004320461946BDE864
:102AD000F88F55A3D3E90023EDF798FB5C4B002258
:102AE000EDF7DAFF00283FF457AF2B4639E700F047
:102AF000B9F8584B9E4204460D462CDCA3F55023F2
:102B00009E4253DD524B0022EDF77EFB504B0646B2
:102B10000F464FF0010B204629460022EDF776FBC9
:102B200002460B4630463946EDF750FE04460D4648
:102B300034E7EDF76BFB22462B46EDF71DFD024611
:102B40000B4620462946EDF75FFB04460B46204620
:102B50001946BDE8F88F404B9E421CDA3F4B0022DD
:102B6000EDF752FB02460B462046294614461D4609
:102B700000223A4BEDF700FD354B0022EDF746FB06
:102B800002460B4620462946EDF720FE4FF0020B89
:102B900004460D4602E702460B4600203049EDF799
:102BA00015FE4FF0030B04460D46F7E602460B46B2
:102BB000EDF72CFB264B0022EDF726FB4FF0000B28
:102BC00006460F462046294600224FF08043A5E7DF
:102BD00011DA22E33AAD903FEB0D76244B7BA93F0F
:102BE000513DD0A0660DB13F6E204CC5CD45B73FDD
:102BF000FF8300922449C23F0D5555555555D53F89
:102C00002F6C6A2C44B4A2BF9AFDDE522DDEAD3F7C
:102C10006D9A74AFF2B0B33F711623FEC671BC3F1C
:102C2000C4EB98999999C93F9C7500883CE4377E1C
:102C3000FFFF0F440000F07FFB21F93FFB21F9BFAC
:102C4000182D4454FFFFDB3FE83501080836010822
:102C50000000F03FFFFFF23F008003400000F83F1C
:102C60000000F0BF21F00041704700BFF8B500BF81
:102C7000F8BC08BC9E467047F8B500BFF8BC08BC5D
:042C80009E467047B5
:102C88009A99B9400AD7A33CCDCC8C3F6465766944
:102C98006365207375636365737320696E69742E49
:102CA8000000000000000000000000000102030412
:102CB800060708090000000001020304284D5055CA
:102CC80029000000526F6C6C3A2025382E336C6650
:102CD8000950697463683A2025382E336C6609599F
:102CE80061773A2025382E336C660D0A0000000003
:102CF8002857495429000000526F6C6C3A252E332E
:102D080066095069743A252E3366095961773A2560
:102D18002E336600284D2C25642C25642C25642C24
:102D2800256429004D6F746F722076656C6F636936
:102D380074793A2025642C2025642C2025642C20C5
:102D48002564000000C1814001C0804101C080416C
:102D580000C1814001C0804100C1814000C1814063
:102D680001C0804101C0804100C1814000C1814053
:102D780001C0804100C1814001C0804101C0804143
:102D880000C1814001C0804100C1814000C1814033
:102D980001C0804100C1814001C0804101C0804123
:102DA80000C1814000C1814001C0804101C0804113
:102DB80000C1814001C0804100C1814000C1814003
:102DC80001C0804101C0804100C1814000C18140F3
:102DD80001C0804100C1814001C0804101C08041E3
:102DE80000C1814000C1814001C0804101C08041D3
:102DF80000C1814001C0804100C1814000C18140C3
:102E080001C0804100C1814001C0804101C08041B2
:102E180000C1814001C0804100C1814000C18140A2
:102E280001C0804101C0804100C1814000C1814092
:102E380001C0804100C1814001C0804101C0804182
:102E480000C1814000C0C101C30302C2C60607C752
:102E580005C5C404CC0C0DCD0FCFCE0E0ACACB0BC2
:102E6800C90908C8D81819D91BDBDA1A1EDEDF1FF2
:102E7800DD1D1CDC14D4D515D71716D6D21213D3E2
:102E880011D1D010F03031F133F3F23236F6F73792
:102E9800F53534F43CFCFD3DFF3F3EFEFA3A3BFB82
:102EA80039F9F83828E8E929EB2B2AEAEE2E2FEF32
:102EB8002DEDEC2CE42425E527E7E62622E2E323A2
:102EC800E12120E0A06061A163A3A26266A6A767D2
:102ED800A56564A46CACAD6DAF6F6EAEAA6A6BAB42
:102EE80069A9A86878B8B979BB7B7ABABE7E7FBF72
:102EF8007DBDBC7CB47475B577B7B67672B2B37362
:102F0800B17170B050909151935352929656579711
:102F1800559594549C5C5D9D5F9F9E5E5A9A9B5B01
:102F280099595898884849894B8B8A4A4E8E8F4FB1
:102F38008D4D4C8C44848545874746868242438321
:102F48004181804053544D33322056697274756103
:102F58006C20436F6D506F727400000053544D69BC
:102F680063726F656C656374726F6E69637300007A
:102F780043444320436F6E6669670000434443201F
:102F8800496E746572666163650000005001002037
:102F980065256C64000000000A00010002000300BF
:102FA8000400050006000700080009000A000B00DD
:102FB8000C000D000E000F00100000000020202063
:102FC80020202020202028282828282020202020D1
:102FD80020202020202020202020202020881010A1
:102FE80010101010101010101010101010040404FD
:102FF80004040404040404101010101010104141BB
:1030080041414141010101010101010101010101A8
:1030180001010101010101011010101010104242BC
:103028004242424202020202020202020202020278
:103038000202020202020202101010102000000018
:103048000000000000000000000000000000000078
:103058000000000000000000000000000000000068
:103068000000000000000000000000000000000058
:103078000000000000000000000000000000000048
:103088000000000000000000000000000000000038
:103098000000000000000000000000000000000028
:1030A8000000000000000000000000000000000018
:1030B8000000000000000000000000000000000008
:1030C80043000000504F5349580000002E000000F4
:1030D8006E660000696E697479000000616E000018
:1030E80035000000CEFBFFFFCB030000010000000D
:1030F8000000000034000000CEFBFFFFCB030000FF
:103108000100000000000000BC89D897B2D29C3CA6
:1031180033A7A8D523F649393DA7F444FD0FA532B6
:103128009D978CCF08BA5B25436FAC64280668115D
:10313800494E4600696E66004E414E006E616E0053
:103148003031323334353637383961626364656615
:1031580000000000303132333435363738394142D7
:103168004344454600000000286E756C6C29000039
:103178003000000020202020202020202020202097
:103188002020202030303030303030303030303077
:10319800303030304E614E00496E66696E69747920
:1031A8000000000042616C6C6F6320737563636597
:1031B80065646564000000002F6D6E742F776F7270
:1031C8006B73706163652F776F726B737061636582
:1031D8002F4743432D31302D706970656C696E65DA
:1031E8002F6A656E6B696E732D4743432D31302D01
:1031F800706970656C696E652D3333385F323032B3
:1032080031313031385F313633343531363230335D
:103218002F7372632F6E65776C69622F6E65776C9A
:1032280069622F6C6962632F7374646C69622F64BE
:10323800746F612E630000002F6D6E742F776F72AC
:103248006B73706163652F776F726B737061636501
:103258002F4743432D31302D706970656C696E6559
:103268002F6A656E6B696E732D4743432D31302D80
:10327800706970656C696E652D3333385F32303232
:1032880031313031385F31363334353136323033DD
:103298002F7372632F6E65776C69622F6E65776C1A
:1032A80069622F6C6962632F7374646C69622F673B
:1032B80064746F612D6765746865782E630000001B
:1032C80000000000000000000000000000000000F6
:1032D80000000000000000000000000000000000E6
:1032E80000000000000000000000000000000000D6
:1032F80010111213141516171819000000000000F9
:10330800001A1B1C1D1E1F0000000000000000000A
:1033180000000000000000000000000000000000A5
:10332800001A1B1C1D1E1F000000000000000000EA
:103338000000000000000000000000000000000085
:103348000000000000000000000000000000000075
:103358000000000000000000000000000000000065
:103368000000000000000000000000000000000055
:103378000000000000000000000000000000000045
:103388000000000000000000000000000000000035
:103398000000000000000000000000000000000025
:1033A8000000000000000000000000000000000015
:1033B8000000000000000000000000000000000005
:1033C800D4300108F42C0108F80A00202F6D6E741F
:1033D8002F776F726B73706163652F776F726B7382
:1033E800706163652F4743432D31302D70697065D7
:1033F8006C696E652F6A656E6B696E732D47434302
:103408002D31302D706970656C696E652D333338D8
:103418005F32303231313031385F31363334353123
:10342800363230332F7372632F6E65776C69622F73
:103438006E65776C69622F6C6962632F7374646C54
:1034480069622F6D707265632E63000000000000D2
:103458000080E03779C34143176E05B5B5B8934688
:10346800F5F93FE9034F384D321D30F94877825A54
:103478003CBF737FDD4F1575000000000000F03F72
:103488000000000000002440000000000000594037
:103498000000000000408F40000000000088C3408A
:1034A80000000000006AF8400000000080842E41FF
:1034B80000000000D01263410000000084D797414B
:1034C8000000000065CDCD41000000205FA0024251
:1034D800000000E876483742000000A2941A6D42C6
:1034E800000040E59C30A2420000901EC4BCD642B9
:1034F80000003426F56B0C430080E03779C3414364
:1035080000A0D8855734764300C84E676DC1AB43D9
:10351800003D9160E458E143408CB5781DAF1544F7
:1035280050EFE2D6E41A4B4492D54D06CFF08044D2
:10353800F64AE1C7022DB544B49DD9794378EA44E7
:1035480005000000190000007D0000002C206675B1
:103558006E6374696F6E3A200000000061737365D2
:103568007274696F6E2022257322206661696C650A
:10357800643A2066696C6520222573222C206C69C8
:103588006E65202564257325730A000020202020FD
:1035980020202020202020202020202030303030E3
:1035A80030303030303030303030303000000000D3
:1035B800182D4454FB21E9BFD221337F7CD9024026
:1035C800D221337F7CD902C00000000000000080B7
:1035D800182D4454FB210940182D4454FB2109C0DF
:1035E8004FBB610567ACDD3F182D4454FB21E93F13
:1035F8009BF681D20B73EF3F182D4454FB21F93F02
:10360800E2652F227F2B7A3C075C143326A6813C87
:10361800BDCBF07A8807703C075C143326A6913C32
:08362800FCDAFE7F0100000046
:0836300061A00008E50100089B
:04363800C1010008C4
:10363C0000180240020000000018024004000000C4
:10364C0000180240080000000018024010000000A2
:10365C00001802402000000000180240400000004A
:10366C000018024080000000001802400001000019
:10367C000000803FFF000000000000000000000080
:10368C00000000000024F400010000001000000005
:10369C00DB740008777400085D73000800000000FC
:1036AC0085710008E1720008A97200080000000092
:1036BC000000000000000000617200081972000890
:1036CC00D1710008C571000809024300020100C055
:1036DC00320904000001020201000524001001055A
:1036EC0024010001042402020524060001070582BE
:1036FC000308001009040100020A0000000705017C
:10370C000240000007058102400000000A0600028A
:10371C00000000400100000011830008A582000891
:10372C00D5820008AD820008A98200083983000800
:10373C004583000809840008E5830008D18300084C
:10374C00258400084984000812010002020200408E
:10375C008304405700020102030100000403090422
:10376C001A03000000000000000000000000000030
:10377C0000000000000000000000000050010020CC
:10378C00000000003C040020A40400200C050020D4
:10379C00000000000000000000000000000000001D
:1037AC00000000000000000000000000000000000D
:1037BC0000000000000000000000000000000000FD
:1037CC0000000000000000000000000000000000ED
:1037DC0000000000000000000000000000000000DD
:1037EC0000000000000000000000000000000000CD
:1037FC0000000000000000000000000000000000BD
:10380C0000000000000000000000000000000000AC
:10381C00000000000000000000000000000000009C
:10382C00000000000000000001000000000000008B
:10383C000E33CDAB34126DE6ECDE05000B00000050
:10384C00000000000000000000000000000000006C
:10385C00000000000000000000000000000000005C
:10386C00000000000000000000000000000000004C
:10387C00000000000000000000000000000000003C
:10388C00000000000000000000000000000000002C
:10389C00000000000000000000000000000000001C
:1038AC00000000000000000000000000000000000C
:1038BC0000000000000000000000000000000000FC
:1038CC0000000000000000000000000000000000EC
:1038DC0000000000000000000000000000000000DC
:1038EC0000000000000000000000000000000000CC
:1038FC0000000000000000000000000000000000BC
:10390C0000000000000000000000000000000000AB
:10391C00000000000000000000000000000000009B
:10392C00000000000000000000000000000000008B
:10393C00000000000000000000000000000000007B
:10394C00000000000000000000000000000000006B
:10395C00000000000000000000000000000000005B
:10396C00000000000000000000000000000000004B
:10397C00000000000000000000000000000000003B
:10398C00000000000000000000000000000000002B
:10399C00000000000000000000000000000000001B
:1039AC00000000000000000000000000000000000B
:1039BC0000000000000000000000000000000000FB
:1039CC0000000000000000000000000000000000EB
:1039DC0000000000000000000000000000000000DB
:1039EC0000000000000000000000000000000000CB
:1039FC0000000000000000000000000000000000BB
:103A0C0000000000000000000000000000000000AA
:103A1C00000000000000000000000000000000009A
:103A2C00000000000000000000000000000000008A
:103A3C00000000000000000000000000000000007A
:103A4C00000000000000000000000000000000006A
:103A5C00000000000000000000000000000000005A
:103A6C00000000000000000000000000000000004A
:103A7C00000000000000000000000000000000003A
:103A8C00000000000000000000000000000000002A
:103A9C00000000000000000000000000000000001A
:103AAC00000000000000000000000000000000000A
:103ABC0000000000000000000000000000000000FA
:103ACC0000000000000000000000000000000000EA
:103ADC0000000000000000000000000000000000DA
:103AEC0000000000000000000000000000000000CA
:103AFC0000000000000000000000000000000000BA
:103B0C0000000000000000000000000000000000A9
:103B1C000000000000000000000000000000000099
:103B2C000000000000000000000000000000000089
:103B3C000000000000000000000000000000000079
:103B4C000000000000000000000000000000000069
:103B5C000000000000000000000000000000000059
:103B6C000000000000000000000000000000000049
:103B7C000000000000000000000000000000000039
:103B8C000000000000000000000000000000000029
:103B9C000000000000000000000000000000000019
:103BAC000000000000000000603000204300000016
:103BBC0000000000000000000000000000000000F9
:103BCC0000000000000000000000000043000000A6
:103BDC0000000000000000000000000000000000D9
:103BEC000000000000000000000000004300000086
:103BFC0000000000000000000000000000000000B9
:103C0C000000000000000000000000004300000065
:103C1C000000000000000000000000000000000098
:103C2C000000000000000000000000004300000045
:103C3C000000000000000000000000000000000078
:103C4C000000000000000000000000004300000025
:103C5C000000000000000000000000000000000058
:103C6C000000000000000000000000004300000005
:103C7C000000000000000000000000000000000038
:103C8C0000000000000000000000000045DD0008FE
:103C9C0001A7000800000000C42F0108D43001085F
:103CAC00F42C0108F42C0108F42C0108F42C010864
:103CBC00F42C0108F42C0108F42C0108F42C010854
:103CCC00F42C0108FFFFFFFFFFFFFFFFFFFFFFFFCB
:103CDC00FFFF000001004153434949000000000070
:103CEC0000000000000000000000000000000000C8
:103CFC00000000000000415343494900000000004F
:103D0C0000000000000000000000000000000000A7
:103D1C000000000000000000000000000000000097
:103D2C00E8060020E8060020F0060020F00600203F
:103D3C00F8060020F80600200007002000070020ED
:103D4C00080700200807002010070020100700209B
:103D5C00180700201807002020070020200700204B
:103D6C0028070020280700203007002030070020FB
:103D7C0038070020380700204007002040070020AB
:103D8C00480700204807002050070020500700205B
:103D9C00580700205807002060070020600700200B
:103DAC0068070020680700207007002070070020BB
:103DBC00780700207807002080070020800700206B
:103DCC00880700208807002090070020900700201B
:103DDC009807002098070020A0070020A0070020CB
:103DEC00A8070020A8070020B0070020B00700207B
:103DFC00B8070020B8070020C0070020C00700202B
:103E0C00C8070020C8070020D0070020D0070020DA
:103E1C00D8070020D8070020E0070020E00700208A
:103E2C00E8070020E8070020F0070020F00700203A
:103E3C00F8070020F80700200008002000080020E8
:103E4C000808002008080020100800201008002096
:103E5C001808002018080020200800202008002046
:103E6C0028080020280800203008002030080020F6
:103E7C0038080020380800204008002040080020A6
:103E8C004808002048080020500800205008002056
:103E9C005808002058080020600800206008002006
:103EAC0068080020680800207008002070080020B6
:103EBC007808002078080020800800208008002066
:103ECC008808002088080020900800209008002016
:103EDC009808002098080020A0080020A0080020C6
:103EEC00A8080020A8080020B0080020B008002076
:103EFC00B8080020B8080020C0080020C008002026
:103F0C00C8080020C8080020D0080020D0080020D5
:103F1C00D8080020D8080020E0080020E008002085
:103F2C00E8080020E8080020F0080020F008002035
:103F3C00F8080020F80800200009002000090020E3
:103F4C000809002008090020100900201009002091
:103F5C001809002018090020200900202009002041
:103F6C0028090020280900203009002030090020F1
:103F7C0038090020380900204009002040090020A1
:103F8C004809002048090020500900205009002051
:103F9C005809002058090020600900206009002001
:103FAC0068090020680900207009002070090020B1
:103FBC007809002078090020800900208009002061
:103FCC008809002088090020900900209009002011
:103FDC009809002098090020A0090020A0090020C1
:103FEC00A8090020A8090020B0090020B009002071
:103FFC00B8090020B8090020C0090020C009002021
:10400C00C8090020C8090020D0090020D0090020D0
:10401C00D8090020D8090020E0090020E009002080
:10402C00E8090020E8090020F0090020F009002030
:10403C00F8090020F8090020000A0020000A0020DE
:10404C00080A0020080A0020100A0020100A00208C
:10405C00180A0020180A0020200A0020200A00203C
:10406C00280A0020280A0020300A0020300A0020EC
:10407C00380A0020380A0020400A0020400A00209C
:10408C00480A0020480A0020500A0020500A00204C
:10409C00580A0020580A0020600A0020600A0020FC
:1040AC00680A0020680A0020700A0020700A0020AC
:1040BC00780A0020780A0020800A0020800A00205C
:1040CC00880A0020880A0020900A0020900A00200C
:1040DC00980A0020980A0020A00A0020A00A0020BC
:1040EC00A80A0020A80A0020B00A0020B00A00206C
:1040FC00B80A0020B80A0020C00A0020C00A00201C
:10410C00C80A0020C80A0020D00A0020D00A0020CB
:10411C00D80A0020D80A0020E00A0020E00A00207B
:0C412C00FFFFFFFF00000200FF0000008A
:0400000508003C357E
:00000001FF
